,col1,col2,col3
0,8.494422215967163,-3.1349710987755923,-0.00026677553198339865
1,11.529703046037518,0.7600164036408179,2.087175735666701
2,-30.51624629017337,-4.78726176166066,-1.1149866081258464
3,13.54596803391403,1.7490119856016717,1.9781138846987094
4,19.531645500153125,-0.27936240654138,-1.0793417412774986
5,-22.470350324924247,1.1228244773036486,0.07234469468677762
6,-9.50974129550545,-5.0598114995364485,1.8451915594124877
7,2.517137823614121,-1.0895579418375294,0.9676883879894671
8,4.509296747367067,-2.0642430283286513,-2.037199470192447
9,-26.450740044270027,2.1366652797387182,-2.01914635357451
10,-21.4323302986683,5.101261440436681,-0.9351508504792205
11,6.508277543344057,-3.1917867756498817,1.8182329100352206
12,-7.4791926274255545,-0.04299312019752133,2.043445119841973
13,-17.506152604262674,-3.9699721307648153,-0.07511874094093418
14,26.549146619450816,1.65458107617789,-0.025237465863031883
15,24.499342514517515,-3.345113055198753,0.9850721189459746
16,15.542375690208083,0.7660880825543659,-0.11731528244592004
17,-8.51133137830977,-3.989339043107925,-1.0516788264521257
18,23.531101325063965,0.7371578969086672,-1.0030127658640606
19,-7.451218288467636,2.9543915667013625,1.0529616343189527
20,11.573747200477321,4.750683954953796,1.9821042213045432
21,-24.48176963837976,-0.8550221202171087,-1.0423662410163201
22,0.5556276724187086,2.854941394737213,-0.017420706464917668
23,-22.45007045026678,3.1136913546217437,-0.9494540919110297
24,6.527190118677495,-0.0944688320305751,-2.0126101786900747
25,-16.50041690449016,-3.954276705664212,1.7610934076465794
26,20.505615196867303,-3.266665258414546,1.8105613065443684
27,28.56626929365384,3.660274237287676,-0.039148857880971555
28,29.511085906638705,-2.358858197307373,1.872265861451325
29,-6.439464941730385,2.9257203481499827,-0.04759158074522185
30,-24.439553847175677,4.164755927929456,-1.9491339633640703
31,5.4839916706810925,-5.094051304944587,-2.127594591789062
32,-27.4868170827613,-1.8802356630117645,-0.04408606669574455
33,10.564241067120939,3.7978926111134603,2.002551369415494
34,-16.501287241941412,-3.9781528772825956,0.8690580104264503
35,-9.517633014634121,-5.036661871183497,0.8861881387267747
36,-28.505230646984852,-3.8525104386621436,-0.13482866997805676
37,-19.49842910820882,-2.907798106498756,0.9234049946714538
38,-2.451706554179218,2.9710007115038914,-1.9312370048130636
39,-28.504524003475677,-3.9044489541291965,1.860389117521959
40,-21.469282257595946,1.0806411474923525,1.0589725651052309
41,-21.45416168601151,2.088665960808635,0.98631426315192
42,-4.454985963686823,1.8889100511276409,1.9829205662924911
43,-19.450062205121643,3.108809037409851,-1.953029715987173
44,15.55170870020681,2.812597569931534,-1.984053945427575
45,-28.50547787473234,-3.871403977525096,-2.090662078379638
46,11.559458043118887,3.767369727541463,1.0918424666760327
47,5.569978888249857,4.828793286094103,2.0649700098110086
48,27.531574199732283,0.6930828687872745,0.029021640691603956
49,10.488042176619906,-4.211773817347094,0.9805848846007255
50,-2.5049350608358623,-4.1277327519793445,1.846817249029538
51,0.5136945514406577,-2.087958002127558,-0.14824510697068227
52,-13.442606838038031,4.0032091010307065,2.0398571330795594
53,10.49540819637248,-4.221730206979693,-0.13550539032016395
54,-15.495016855523943,-2.90452421289833,-2.148993228703132
55,-13.428040127284781,5.017965463838375,0.04729683429322096
56,0.5365550972139843,0.9435337244566755,-1.9943337588237173
57,-29.48173561286138,-0.7936900674277467,-1.070962427068601
58,15.488306818067123,-4.244203608761056,0.9480023266815403
59,28.527301674302414,-0.35718671226059673,-1.016388116609261
60,-4.5150205605180815,-5.019909466551777,-0.13125193494234333
61,-18.44015967777847,3.0863424722700676,-2.040705474694967
62,30.511069573279478,-2.3617927973058976,-1.0988919743738232
63,30.48588437603997,-5.373702273095574,-1.137340642572574
64,15.515008466668782,-2.282381640884917,0.8726055780200634
65,-21.507892830085805,-4.893590071904148,-2.167605301525015
66,-17.492021630827367,-1.935112158002533,0.9531454753630237
67,-30.503646794941833,-3.8559861977370153,0.8863600674030985
68,-9.442902243538057,2.9543680599237607,0.9550639555964411
69,28.509977343655258,-1.298074979459578,0.043857244265042894
70,-25.46435046818549,0.11386985063868149,-0.14165615363219564
71,6.562267838679823,3.84002415672797,-1.9373228667963678
72,-15.451789124523742,3.066743938681639,1.0738782876272035
73,-8.433137390133858,4.971153999991558,0.07372202751070667
74,14.537781886032839,0.7236134138836388,1.9802090036683078
75,-6.459866940014578,0.9273718592833111,1.954588425754296
76,11.525724654381875,-1.1950788311875247,-1.1284987421202688
77,3.5383506210707054,0.8543256156357106,-0.017582294336464077
78,-2.502146512531546,-3.0588833657345393,-1.0319978757179111
79,-13.4880516510474,-2.0059564113451556,1.917809983941173
80,-17.48445268719913,-1.937130633482377,-1.0754011196747313
81,7.570615000632522,4.840078134617149,-1.9322763939173948
82,13.497108037514955,-3.2440002530980623,0.986768831318269
83,25.511262880570776,-2.3104132752765953,-2.0781084292995233
84,19.55251976606113,2.6677151692961116,2.0338335609502796
85,26.54491550487578,1.6448820352899833,1.0227456236520274
86,28.558743497383794,2.6265924956264834,0.9353369227347379
87,21.552597125256717,1.667428903800947,0.8831078874292939
88,-15.438310407451759,3.013801985200181,-0.09534059490623958
89,8.514121912254332,-1.1536755821660996,1.0115477546260125
90,-14.501820474547593,-2.9799329198556053,1.9732268234021122
91,-7.462664453534494,0.980466800586334,-0.9921226464704258
92,2.5401843394347594,0.9292009870882572,-2.0493622792390775
93,25.569480193623725,3.690929427500669,-2.0763950755225564
94,-1.4614546439416713,0.9669629431747842,-0.0712438227472223
95,2.5178260145922593,-2.168945802116228,1.824815852077725
96,-17.469909444595494,0.0737008238434873,0.9450856315686691
97,14.557577521027376,3.7738893939730476,1.0217638594369847
98,26.49754666870985,-4.340890913410592,1.814045784673124
99,-23.46135466748659,1.1033910270141893,-0.9927715954926231
100,-18.459693828925023,1.060499609554241,-0.08958074247491155
101,16.49826313892438,-4.274544415413859,0.8725518340590184
102,-30.468028765072805,0.1608866616890916,-2.091723921080302
103,9.509123114392374,-2.1185283406832207,-2.0879290042202108
104,21.536468249951675,1.7748293536102064,-0.9179537917956244
105,4.528944464998531,-0.19255305953134627,0.9544641453239366
106,6.5061641625260265,-3.1325585479736304,-2.141238269435402
107,-25.456672997813897,1.1186844472325506,-0.1067555190566547
108,28.569886487798776,4.668359892183765,-1.9455360394020431
109,-25.438697343408563,4.089540832359607,0.02743471876860859
110,18.539082287685424,0.7438217236766986,-2.01594359400164
111,-27.459845352075455,1.1557262459831632,-0.03570863384545753
112,-25.454783452311364,2.120815248423635,-0.01963317024232225
113,-4.474709708920969,-1.0679600330323957,1.8099393314279153
114,-2.4956040455013806,-2.0992517983728227,2.0097176368081344
115,-14.42912957561181,4.010270637638379,-1.0743951015508717
116,-10.490452832546275,-1.9575867846774146,-0.06427936548476954
117,19.514987405999115,-1.2574735007278024,-0.046236736713985316
118,1.542324198573212,0.8981320616120341,-2.0481786226170273
119,3.5514650915586543,1.8392057353912366,0.908505879011591
120,18.508448297518775,-2.2050049672779064,-0.061264484558697596
121,10.532862890708472,-0.2030724015304406,0.8893331875830532
122,15.521788703114957,-1.2347901061881603,-0.10209454334060997
123,-15.448923437435951,3.074912437102543,-0.960969737966213
124,-19.43772617258452,4.0834691132778245,1.0143408722057083
125,30.522792197247703,-0.3051170820273539,-0.993311547867175
126,-12.523252555954386,-4.975172651433676,1.9735975036522397
127,3.5404377250878483,1.8964922134156703,-0.9711726420971836
128,23.543735057075402,1.7446947753319897,-0.029995724973819193
129,-20.45447959937467,2.023979394361092,-0.01043987537365254
130,20.56101460293265,4.751498008810869,1.1465652389817933
131,-22.506185523168156,-3.918060323203625,1.8413695519583424
132,-24.437613843632317,4.086597733858,1.0152129718686593
133,17.525642439136213,-1.2664945074735887,0.8294412969516922
134,-12.505804871723335,-3.966510199474307,-2.100358998974694
135,8.494825620659483,-3.109769964696193,-1.984454155807075
136,-21.45341806891885,2.108242750656827,0.9270833797309783
137,-29.458257737230443,2.1656839338179035,0.008642962744889626
138,11.569276491028212,4.816120171032691,0.015224046464775487
139,-4.482327389448372,-1.0161138841555273,-1.063819663291126
140,-27.436084165767205,4.171795234676817,-0.029239493902991853
141,-3.4758897552432657,-1.0346518299666818,-0.15291395622431025
142,-3.46924011591733,-0.009127304630987432,-2.1185695582837694
143,-30.5133288684378,-4.83184552915982,1.8289612352105395
144,4.57377965901609,4.922383936024123,-1.0277929981075582
145,26.53760849851016,1.6600152134726507,2.056305078243863
146,-1.5091533289688286,-4.0663595136256045,-0.06605133239161587
147,-10.469347749011177,0.9845321334629471,1.052586604787666
148,-2.470560492258805,0.9569161909175898,0.04802647227444101
149,10.512955395090692,-2.225540574174939,0.9205882606362699
150,7.514466888769704,-2.199589756307569,0.8737010812056742
151,3.538508803829096,1.8989497845059065,0.05093078507911564
152,-30.49159994720203,-2.908928427592925,1.8433611353002615
153,3.4942680696387214,-4.084360045948028,0.8778234631093462
154,28.51866047780147,-1.2902524021074857,-1.0757269858470282
155,-5.44781004741607,2.911886942387082,1.0552612175475948
156,-7.503647852711964,-3.0424935047914645,1.9589517839782955
157,-14.443955305417404,2.9950031200708818,0.9989784214142645
158,20.56607937117591,3.7646867551100742,-0.08803350671179722
159,23.529977562824406,-0.2929345573517308,1.894992783688025
160,-2.479559629044587,-2.099226307842739,-1.1927101798101818
161,-17.450408819804977,2.025577780702961,0.9812597269711532
162,-7.5137487346787495,-5.055050556870993,-1.0961584693237463
163,0.5442287024716563,1.8466746774682203,0.004738779439239504
164,1.5383088963742395,0.8815023000067557,-2.0294354022395957
165,-27.467876596520313,1.1391155724485529,0.04360364633838287
166,22.530185259704247,-0.29624288217231065,1.9103486057299568
167,23.568910922983328,4.67991040508858,2.071195874576433
168,-17.429854704717663,4.998151151460038,1.0276508233800108
169,-3.5120674303990214,-5.045094677486555,-0.199860715663982
170,18.49765487587336,-3.2153035001652754,-0.055397190233579696
171,1.4968127785579526,-4.070228394186615,-1.1244657153341824
172,7.503225926775961,-3.200866111014484,0.8782446326521178
173,-2.510691327778922,-5.086944704830449,0.8474419618268203
174,25.542627431945583,1.6823326738936322,2.010770354166474
175,5.5465879858387765,1.8541202674538066,0.9383024242900939
176,-19.461176337276825,1.0262098619079838,0.9994569841997034
177,4.572192854862124,4.897610259800925,0.03145855893357696
178,-14.451827878033363,2.089054417534795,-2.09441960991849
179,17.51098361375815,-2.3086274929870396,1.9106085203448737
180,7.5657107594127595,4.864578162774323,-0.9229444670498608
181,-12.499737687965876,-2.987670325240478,-2.0377638399879596
182,26.500170868068928,-3.309448092426392,0.9332511427107555
183,1.5260806722384643,-1.1109003119613634,-0.1636913648800169
184,29.54198950254264,1.613740482024685,0.01949407654101387
185,-22.42015447335333,5.085531027572263,-1.0769091592835722
186,29.53080715900922,0.5910517345078246,2.0576979322504707
187,-15.427589130349055,5.020861412851299,1.023005145813162
188,5.513063290541865,-2.116722263664514,-0.08650399357786043
189,-30.438812085377094,4.124320274902348,2.048449812090597
190,9.524171802499993,-1.1613841227086286,0.8214105019065499
191,-24.460471473755433,2.1714197615232056,-1.9364488329214644
192,-25.45547868850329,2.122114517372501,1.9984436051092773
193,10.507716235216776,-3.2433743453483843,1.8631457769551814
194,9.51315871737826,-1.1682400892206877,0.9813936972862631
195,12.511053689822063,-2.203315792687006,0.9109909040325417
196,-25.424226099652355,5.08154055865302,0.004596497322206794
197,-28.4560050265385,2.152608358696006,-1.0215364716971451
198,10.487390418250605,-5.2008780540320165,1.7927015938047317
199,-16.44715784386777,2.9787922033570444,2.0573331122995198
200,5.495645091337444,-3.1043875911833236,-1.0089722373573409
201,-14.439727451155917,3.0028562179849896,-1.0800803071625251
202,19.522932981623278,-0.19760907823018048,-1.9727291757022203
203,5.505345511529143,-3.10010599027684,-1.1212363415510858
204,1.522090526262481,-0.05163469121872666,-1.9823868665317224
205,-3.430192855151681,4.913808331856848,2.0662622409214295
206,-2.4511094667690116,1.960802185552562,-2.0143603962248786
207,-4.457727495729465,1.9002007750107444,1.0185002212643752
208,25.49898400597143,-3.2985187258402378,1.9322126953694285
209,7.539152081602651,0.7946454435846242,1.9230644189674813
210,-2.5098900558197315,-4.080420118472857,0.9625250740946809
211,-4.450157155256953,1.96890027292664,-1.064373836019771
212,-5.426715894124953,4.934105480802386,0.022375430348804848
213,-8.511220849788884,-4.068218854803065,1.0110092802282837
214,-4.450754130868489,2.960107496334082,0.01556708315067068
215,5.498936465828905,-4.198606223698942,1.857877013933666
216,-9.509420050586229,-5.065349587851299,0.8100115228436748
217,6.509291734162787,-2.1081010868792656,-2.0630921471270556
218,10.554562950339083,2.8513629589483935,-1.9938494463884637
219,-24.467907432287706,1.0618008978279372,2.0592473697744147
220,6.520129198075196,-1.171527460748094,-0.013246881860478954
221,26.5042871324576,-3.262893474085422,-2.1025966552175053
222,-27.44969786185185,3.205504440642664,-1.935026155257765
223,-7.480605224977801,-1.0144386361780753,-0.04002769813315199
224,17.482104509554937,-5.300699364654804,1.9583163583784025
225,-21.47226916151324,-0.9000949048018252,-2.143723410497008
226,10.51645605470533,-1.2102332681945782,1.9658043450816693
227,16.523356177017014,-1.2296235598154572,-0.10770675654212836
228,1.5571560307226164,3.9084925028149273,-1.8808611505564234
229,-31.476962043245603,-0.7922541116412458,-1.1264124728194156
230,-11.499057063161999,-2.9894128810633065,0.8872659072514688
231,-7.426787838854757,4.980647487704114,-0.9884353453484631
232,-27.45862372343953,2.173026621799032,-1.951126271477049
233,23.574107163253764,4.7048286600718905,0.9644452966883277
234,-13.49072256462631,-2.9233959768507507,-2.217814006906994
235,21.48997255543035,-4.284121721765819,-0.025306720841830277
236,-4.480951210228845,-1.0826308345854314,1.9697626690866503
237,-17.43578429364129,5.085038396359175,-0.8580086058775946
238,1.5685060668560382,4.89016312134025,0.07199512201953828
239,-16.441692151883117,4.080712519277381,0.06621943704127675
240,16.574799213803566,4.7851529749785255,-1.9761387658669192
241,-2.4356563865054,3.8754217560811304,2.0019524262024104
242,23.49773775186693,-4.317789048539132,-0.11052319147169554
243,-3.475499549389916,-0.08447670892569192,0.004427168528247982
244,-12.48668417609656,-0.949202932959091,-1.9435684906879855
245,9.56072265816939,2.8263336222549595,-2.064130132604914
246,-2.438603301358043,3.9476106787202214,-1.9531549463240945
247,-11.51121650165426,-5.020419791885852,1.856281186279852
248,-25.50278108739583,-3.9154656681954476,-0.1523712918060598
249,-29.44515318397542,3.144970089012449,0.9449981382305825
250,-8.477384374893788,-0.015940476490991173,0.02609649832091776
251,18.496156675336486,-4.245688790869486,-0.10517100625436893
252,-13.47555431531245,-0.006792159121208563,1.957348198834369
253,5.575130122865325,4.8523004730371815,-0.0008654455021339658
254,-23.460830477200112,1.134216462918224,-2.0278521517314942
255,20.570734961897124,4.741848897772079,2.0214738107322647
256,0.5110607443523278,-2.0813561187192966,-0.07341034027069382
257,28.4994914839372,-3.3384055756400093,-1.0230998432979765
258,-27.45009452721621,3.1789096474292435,-1.9461185515686241
259,10.531577613145622,0.8036692629271416,2.0356821787322357
260,-21.49188432208093,-2.9185012792033036,1.7943834554996618
261,-29.432391338237004,4.166735388898352,-1.072087636758755
262,16.511268773778987,-2.262506603238624,0.9438973412844529
263,29.514475387583538,-2.395034625733422,0.862079156587352
264,11.525232241709936,-1.2382053532157964,0.8904693639467447
265,0.5627575068713639,3.9015487186694147,-1.0018622414992988
266,23.548728925814395,2.6919026303310263,1.015770289273533
267,13.504207470866021,-3.199058554470099,-2.0728708183042848
268,-3.5039276390742913,-4.091379001349069,-1.1238107010748837
269,20.53308231884366,0.7163358849295234,-0.019139486115604232
270,-6.504543117429442,-4.018437083513,-1.1129058325589514
271,-17.42633150416963,5.113447187116235,-2.039473383054227
272,18.540790204249554,1.8083946120445171,-1.9624259895007425
273,16.48959740283221,-4.275283239438609,0.9445124514535701
274,-15.432793963288276,4.077363055383226,-1.0568823587742306
275,-24.514875271362765,-4.888132121218508,-1.0786103803599005
276,-5.501173227157544,-4.082469350672188,1.8344293192329424
277,6.503870081529783,-3.183756089539541,1.877432860993009
278,-4.468051199721096,0.9867848394843799,0.016470041449605954
279,10.491370523814552,-4.245636326871106,1.8944388677906598
280,-7.467256559996507,-0.03233329863482748,-2.0773125345291694
281,15.563171981356966,4.837794866625848,-1.885400680437825
282,17.527377010418313,-0.24053775306807879,-0.012364081158798168
283,20.545629575511974,1.6874998086629729,0.9499667401036529
284,19.5012585187415,-2.2414183798635374,1.043742438217249
285,18.521894771033267,-1.1876728207623537,-2.092974183368304
286,20.56615088167512,4.733352688854535,0.11831382412692948
287,-13.467831293023345,0.054541356001431396,-2.114988989260678
288,-24.4458669010163,2.068592101688057,0.8696584574665382
289,-10.467136224610329,-0.0627333457339816,0.9108807537152219
290,19.555799903586113,3.7627616201553744,1.0898411519444124
291,2.5698472993058914,4.9405962646058645,-1.932767873476206
292,-12.454807830351548,2.0090026305620095,1.0023935159064896
293,-3.4627564416112193,0.9693652427159059,-0.07151127428419235
294,8.575485948744152,4.838205569904562,-1.9625652358997985
295,-8.489666760067358,-3.0131710639604887,-1.2114200539733062
296,-29.468746423988005,0.19623082108763512,-1.1127862236852637
297,-7.42114232036441,4.963813211627779,-2.035754120879535
298,28.560161838739255,3.6456562731277,1.0078550055142053
299,1.5064309740453652,-2.10642286121431,-0.03578072956832701
300,-30.448870808696192,3.122401509534396,1.0522058952161455
301,-15.43600940513091,4.006036752510449,1.0303076345684223
302,12.496973254703619,-3.248145011908356,1.014867576540924
303,-3.4262401860386404,4.93196026554413,0.9410178307047987
304,10.520865256611366,-1.1409982665976153,-2.083048689190259
305,22.55165385486776,2.7446710307933015,-1.012588856181122
306,-24.457707461688273,2.0897072208056473,-0.9190121021027107
307,-8.447378410884568,2.969908179716156,0.023802250911145517
308,7.550722146816263,1.849920587308076,-2.040544210039527
309,17.519502798793148,-0.26375951725201485,2.0710704315692503
310,-3.449065546914369,2.9064297014388787,2.0366901100262362
311,17.481441339432642,-5.3014741181614635,0.9470267753683208
312,1.5096486998717396,-2.0539198437510593,-1.0551316648156925
313,28.520325788446165,-1.3844158837986646,-0.07144346206702235
314,8.514254110057948,-1.2007627745376155,0.05641824856808242
315,0.5032798194495598,-3.1540022522611526,1.8703848259824554
316,10.55627053056223,3.770209495727534,2.0995451852587292
317,20.571143819238294,4.742153615103713,-1.9161842558730877
318,9.563642568167737,4.809528180440723,2.0994704765690546
319,-0.47561875726604086,-1.1423702513798109,1.9068397710339209
320,-16.510248691406296,-3.99380871939112,0.9772470888296381
321,-21.4731803685727,0.07592278583948353,0.9710738467395004
322,-11.46387865084138,-0.02695870876370332,-0.13514026255686096
323,-23.471541253355763,0.049246336522325684,1.960284701856561
324,-2.513828020177563,-4.057171309692961,0.9792496000933335
325,-13.49446143173612,-3.0421185036928646,1.8969510992317682
326,27.504761456301758,-3.32174599989626,-0.10375926385495093
327,0.49856533251743684,-4.089822072990389,-0.16787322335818233
328,0.5218853206499787,-0.07965135018917291,-0.9464789683416455
329,-28.42235955727174,5.127621809523084,1.9078008202577612
330,-13.477966108384365,-0.948516887197322,-2.0722437458787164
331,16.559606826303416,3.8010193169252213,-1.9435770676685173
332,-8.452690600193428,2.0072553335298746,-2.0185172222831893
333,20.497299820646298,-4.323854301785749,1.8897018630912523
334,-8.471607876807212,-0.05033823142708638,-0.031243451825395674
335,-19.518406173343664,-4.956607447648596,0.9323660902726738
336,-23.497378726567565,-2.9290331346802554,0.9204391260700469
337,-11.435601868885527,3.976166213362098,0.04171178720638835
338,5.562775470646486,3.8386792244714902,1.9883640341821227
339,-1.500838597081625,-4.096622653788474,-0.14277312718788115
340,5.5179708019590095,-1.1001238710614833,-2.050428845411455
341,14.57133479801454,4.812730043743509,1.010542435607797
342,-22.507649619644212,-3.9025325844423095,-1.0273186046714367
343,-30.485138634497368,-1.8310842429157264,0.8967727407246193
344,0.48657581781728254,-5.146619795841511,0.8516208293507703
345,1.5514588443764552,1.9071691821550507,-0.14253230513905768
346,-11.46599946324308,-0.05836176227204071,0.8820524499746001
347,11.510597126080732,-2.219473200353175,-0.06344969866979744
348,-14.475379753891332,-0.9700299430736847,-1.1396453693645732
349,13.526797117181012,-0.1964409647566514,0.9566152340202212
350,-13.463716643348945,1.02316837166597,1.953609005622793
351,29.513719136598148,-1.353795987983407,-0.9594794997034186
352,-9.487160562781128,-2.0560237866412208,-0.08525045746830529
353,20.497505481001504,-3.313976853119258,1.94701142790033
354,7.56882397099001,4.838667827978603,-0.9078315232046044
355,8.539035331215416,1.879752452998014,-1.9399182114544482
356,11.5107825245126,-3.189242894302389,-2.2024229586617987
357,9.513598330586582,-2.223898784100614,0.9128419627810982
358,-11.505399204919307,-3.959779238682728,-2.141957003092889
359,2.510776598674191,-3.1086171736848396,-2.1987804783018503
360,24.54487100764434,0.6918587632697735,-2.140288651307671
361,-20.50840970017874,-4.961307157836922,-0.19182799805654405
362,4.5747967564023355,4.866360589396927,0.001408350918116863
363,24.506269994054968,-2.374952754190427,1.9978876039370839
364,-10.502654567286449,-3.0026628055868985,0.9413591949704525
365,15.508473227201883,-2.2175925010379482,-0.06219675629207755
366,7.557987529570873,2.7884278345580498,0.9435593438206418
367,-26.49314439939911,-2.815843728900696,-2.117405144642456
368,-11.482718484859355,-1.9891218563257875,-2.1008968080043333
369,16.554872666003426,3.779652886124924,0.10474580256265842
370,-15.50205643427325,-3.941937983471244,-1.1124645589883513
371,-12.48425566288865,-1.0087013427531568,1.9346336677987903
372,8.510020638317101,-2.199374808352983,-0.031309525552026596
373,29.56122328154202,3.698724299298795,-0.9923944243367284
374,-5.428519202162583,4.90873926873999,1.0184044443547382
375,16.498508888875683,-4.249105180225957,1.7823382163724633
376,1.4925427148586934,-4.108281776366336,-2.0937403547581974
377,21.54941941616908,2.6902079490519712,2.06315654784213
378,-21.431206344627203,5.067653796680982,2.0482383264970068
379,13.54276996863073,1.7967723161731186,-1.9967181752584553
380,-2.5116372821165243,-5.05135947255322,0.8152946442802427
381,11.484414341009746,-5.184523249097588,-2.078527446296642
382,5.486136682239788,-4.123853355339369,0.9684857960056732
383,27.53276194816086,0.6318915439681136,1.0617981199507742
384,17.538396719851455,0.7771001903869417,0.9243599184917648
385,23.56905838086565,4.65369927802607,1.0784659062234478
386,9.558404086668304,2.8376143817672164,-2.007971252045891
387,1.4874334616502267,-5.067380409610184,-1.1884393912886304
388,-2.464973183769814,0.8801354835463409,1.9983670063486425
389,-16.511258663497607,-3.934618512143075,-1.0208880048987736
390,19.484493898742592,-5.312271111215858,1.867740793265007
391,-18.4462824249076,4.069944721945867,2.123584409115079
392,-16.446674962460236,3.0083687739280025,1.0258296420841795
393,16.517289735291477,-1.227140550893008,-1.981656230116336
394,20.56329902462931,3.6695102522003102,2.0272401777816134
395,-16.44506189284722,3.0608907642740304,-1.0466685043317856
396,-5.439019242627801,3.9929900603827457,-1.971218455496741
397,8.532795225871176,-0.20787146825162228,1.8957635092407106
398,18.522967464551293,-1.262613068968597,0.8941605554431491
399,-20.487059584354654,-1.9475819278957607,0.9325156316250851
400,22.56040915659012,2.6740098574060633,0.8941437313061136
401,29.508621799775888,-2.3597038369563994,1.9547579934690518
402,-18.473825697020892,0.09034421526466829,-2.0428600389412246
403,2.530550859461428,0.8854641550821176,-0.9061106481912962
404,23.550201460447234,2.698184383547498,1.990671481043388
405,-1.518354016348411,-5.054280754538473,-0.08090865731746488
406,27.5429994124055,1.7165497144881856,-2.0185475071174994
407,12.512199609430063,-2.1898920932109904,-1.076671475264104
408,17.528066435324,-0.24208404530795224,0.930795796223852
409,-15.453440479220077,2.0340022649083727,0.9619343101333273
410,26.557976194122794,3.700466894336553,0.05182235627635379
411,15.565367267304019,3.802951464862578,-0.051113166644108254
412,-13.441453120783983,4.050318258835161,0.06346747307222778
413,-0.4509989610156424,1.9152522401804442,-0.04350830601023725
414,-2.444340369018043,2.9647830268421034,-0.02197860437248833
415,-20.514763537340666,-5.001150854735951,1.8711742863949024
416,21.5374057138197,0.7149915002537872,-2.0299051314698495
417,21.484920951261465,-5.263472865841007,-2.1179079371689484
418,0.5766173119555447,4.934901775462433,-2.0411647344478023
419,10.532033711146013,0.8396804918529108,-1.9669826933424766
420,-30.48357638976791,-0.8441468833435928,-0.012810240711898846
421,0.5002824655279525,-3.152715114340258,0.9321501326519215
422,26.56007708012873,3.73267822462505,-0.9661518132937221
423,20.53757704543913,0.741338864852513,0.9659429145471465
424,4.487091796656756,-4.096872240315893,-1.0206950868353983
425,-26.518606547577377,-4.882385970793164,0.9211744339885826
426,12.572256387227966,4.799414355785571,0.9651300032094241
427,4.488027334994527,-5.151037142720993,-2.1426645520103054
428,-18.517628517157075,-5.00402513070868,1.937841065834708
429,11.48482751601152,-5.260272019741784,1.8947926461812177
430,27.56386192049697,3.6571932920651102,-2.0071724213453415
431,16.520573244551933,-1.289996142327667,0.9113385735639792
432,4.554882784742546,2.8672386065564863,0.9544594313952093
433,-7.501359748556396,-4.040434086503052,-1.1621415967378856
434,-28.46538404768633,0.1922694783886234,-1.1611714276160328
435,30.55099447484192,1.6544890439641913,-2.077164350950281
436,-17.424684052921307,5.054636901195095,0.9714973518355059
437,-26.507065867427087,-3.9029762825451972,-0.0888240697437861
438,-14.469493623639103,0.06702356542418109,-1.1031594752164036
439,-25.486012774624644,-0.8493294436547769,-0.005037586826852625
440,-23.442507664804637,3.1278703349555554,0.933398661340787
441,-25.43651914627517,4.158443646716303,-0.023821770867644254
442,23.490395070375094,-4.284907498249647,-0.07040356816859106
443,4.519102498191749,-1.1407273150268997,0.9614412099125609
444,-14.47628481507742,-0.9260801538549042,-2.0796816295057043
445,-12.483938537285837,-1.9468353263834488,-2.119640967677519
446,6.512661134838503,-1.1714625568305617,1.0523839918182345
447,28.530189802939056,-0.3528060830836113,1.9128992971782273
448,-10.475662605744802,-0.02443097521954929,2.014735650676175
449,-1.4740396743402542,-1.0892160907461252,0.8137100681735743
450,29.52272889716327,-1.327489520824542,-1.0881836975645847
451,-8.451008476458782,2.9809810306193727,2.049579740597169
452,11.547076840670933,1.801437856132968,-2.0425682802607277
453,-3.455008011349328,0.938351889730229,-2.125821819445913
454,-23.492229261341294,-2.8773151205523724,-1.1240801856515215
455,18.5511173153023,1.7332328694898544,0.8637146454367319
456,2.523256245552261,-0.1399296257770617,1.0091198827749936
457,-25.44202047780383,4.100951781624608,0.11637983684087638
458,4.536900928257353,-0.19457599540552462,0.8393320633370549
459,-25.450090249945788,3.164721501120723,0.043883405938438536
460,-3.4383830208592627,3.9180973955270604,0.9975713242983124
461,-9.468033428534014,0.9335364918708118,1.0837093780775469
462,-24.465232297870443,0.11153339637064885,-1.0878952000697502
463,18.495727426417652,-4.234220021383469,0.8516279308967767
464,14.478439124485583,-5.227794563663495,0.0006039280767562438
465,-30.494996628698196,-2.837679235339249,-2.095293478325507
466,1.5394901686692037,0.9425245015270187,-1.0708489664595477
467,-17.42375336081959,5.0563028352056625,-0.9881962603449339
468,-6.449977741454717,1.961596531376439,1.8645300970765222
469,-7.513830335163746,-3.9729794478720195,-1.0149198116649227
470,19.515996280339486,-2.266530065254851,-1.1079956876750106
471,-24.427446389418503,5.1156545216874205,0.996584406829431
472,6.529246180760403,-0.1580866443541975,0.9220824447159708
473,22.515533067573365,-1.2819132205729922,-1.0327204617519552
474,11.489466585970007,-4.12696867847205,-2.0510662026147966
475,-8.439158022911684,3.92922903295939,2.0478489368425024
476,4.551716292261887,2.8877312077061275,-0.9754178666706661
477,3.529577230554878,-0.08417906435696576,-0.06291061919877894
478,7.543939220821656,1.8619362809588127,-0.055598226517345584
479,-19.44828308892611,2.0188144161326322,1.919089095326954
480,11.488298203013173,-4.2122822173692445,0.9567702889953766
481,18.51040489305246,-2.2600130126140447,-0.027818222280274973
482,-21.45668789913095,2.0213321562422504,2.009292640097925
483,4.522850886670128,-0.14798926668869772,1.9672314014811514
484,16.530093405152662,0.7158088965935017,2.07139133970764
485,15.489982139542995,-5.225963506347267,-1.147241842725784
486,-15.507447614019625,-3.918962939735543,-2.0819530109278874
487,-18.43026697613143,4.005118760086975,1.9265714997670491
488,-21.509736423451915,-4.90994586014413,-1.186264647584091
489,2.517995273643045,-1.1198619643546062,1.9564311015600797
490,4.567085906682735,4.833345112461875,2.025486464644789
491,-23.4771737532904,-0.959997163030899,0.9029696370865903
492,12.525824300275445,-0.20932683555896237,-0.9697429260455235
493,16.564319248113854,3.7206965889747883,1.0048851657067246
494,8.495547229982137,-4.158737501280774,0.8864413591341083
495,0.547587462377102,1.8819826875991001,-0.025618608938986487
496,5.546330793241417,1.923439155446192,-2.0656461630864524
497,22.53137609430805,0.7165904038253439,2.0014165150502556
498,-0.4409899610733561,3.9274075837207425,0.05472910451110735
499,4.483855220292362,-5.175776562824176,-0.10682064015197623
500,-25.493888585237137,-2.8847497506393984,0.9024195751473632
501,-2.4995942555703152,-3.039125476542506,0.9179301631392209
502,-21.46997433377695,0.06959970506298063,-0.01474435723109746
503,-26.42896427371987,5.166872536621251,-0.9380832293148371
504,14.489149447857251,-4.222057867504205,-1.028888500530479
505,-31.485391159510893,-1.7572939831731205,-2.0989722487390945
506,-31.463807975790697,1.202066700227232,-0.06538895574110448
507,-1.5149134037679133,-4.057565146093401,0.999320375553105
508,-11.5010559560057,-2.97848360925206,-0.02952937983929038
509,-27.490341181063872,-2.8284179863572296,-2.1708914439107487
510,-9.42908568498062,3.9761600627760787,-1.0967351802863892
511,23.495158502210536,-4.225961932853006,-2.115078975201076
512,-9.48357214278812,-2.056488934467536,-0.13097518181507306
513,9.561962454305835,3.823092760232636,1.9775723121379318
514,17.57581520061725,4.741364155744921,-2.019409240889427
515,-18.462934983852623,1.038809555765944,1.9816372044243327
516,9.490355202069864,-4.125472766461954,-1.087253385615954
517,-0.5118332775410224,-5.068150901851948,-2.141636219779155
518,27.566908403150286,3.6636791741598893,0.9131690223637698
519,-8.508697282523919,-4.021968760933375,-1.080268962469995
520,5.4867223868171,-5.092861476331214,-0.1505347427839423
521,0.5415727528476992,0.8845955735282969,1.8691653047636319
522,-26.483356740575786,-0.9202099379534006,1.976073285577721
523,-12.494304224072621,-2.9485119309642513,-1.1800826314424533
524,-6.464803882577272,0.9861150232459979,-1.9826084816652856
525,-28.444473181690547,4.154433044203734,1.1139337294198999
526,-12.502886947803617,-2.9817742957646605,-0.9816612718549442
527,-21.480964692677382,-0.9141511829449747,-0.049582078519220474
528,-8.510755116973591,-4.003029505258886,-0.08321810114989825
529,-10.483407701189464,-1.0367351818062618,-0.0021674519890457766
530,-0.4417381677551049,3.9195023811421903,0.09336923445771772
531,-8.432324038844058,5.017359625417687,-1.9612664503238544
532,-17.51644154258291,-4.92303306748026,-2.0423015975437275
533,-29.499164580644802,-2.8722856268248536,0.9047168532950312
534,3.515203538695772,-2.1519907965448812,0.9015048211789902
535,26.565405095114194,3.652359964147542,-0.03546555108552907
536,-24.451138450582558,3.1449999114452787,-1.9004554883491986
537,29.5212108519273,-1.3617887783268499,0.8774160576071117
538,-26.477661882753555,-0.8374005946347132,-2.067767689968771
539,15.54253629975468,1.7471399608084512,1.027164204525092
540,14.5312487977125,0.7665026346236692,-0.913280586713717
541,-17.50604433142331,-4.922233091863274,-2.242671871873344
542,22.55008479919001,2.6998513643402626,0.08170312212525221
543,-5.492743164719727,-3.0258462414005116,-2.1711533607825335
544,-26.439712685278785,3.1766859733993114,-1.1224502093801156
545,12.492421040900176,-4.2654542150094965,0.8994513679798115
546,0.5536060397433289,3.9170405032505604,1.1261462073144148
547,-4.47911853867479,-1.0460059038529446,-1.0447742921855236
548,27.517028482926385,-1.351377322828978,-0.005478657750391136
549,-27.43776779732368,4.10407693481154,-0.9594149226055007
550,-22.469101779419148,1.1069943632482877,1.0225114149419374
551,2.5461667691465095,1.9119475822429708,-1.0278523794532015
552,22.514158948335115,-1.2546111441488321,-1.0360750015134257
553,-18.487076337206503,-1.9533590875447846,-0.05234504674809681
554,-6.503247334655484,-3.0397237970920123,-0.0015808787490065868
555,28.550647612615414,2.648630601578401,1.0194824578286656
556,-25.51702683131067,-4.84985598886348,-1.0596112127232487
557,-23.43496889058236,5.10861809341901,1.0972495054163023
558,5.490379603715255,-4.106674871678545,-2.019320528794907
559,25.520896102541435,-0.30494574602513236,-0.9211719328872641
560,-29.431072749953902,4.163462681043632,-2.0012907778795084
561,20.57300175096689,4.711028492424762,1.0386691231680052
562,-20.45698398316856,2.109120760987543,-0.9711118365580647
563,-29.47567853586008,-0.8718456034218871,1.9008443688362675
564,-5.476396607479636,-1.077980880179445,0.9364231278227679
565,-23.45208442956523,3.0793619569541546,2.0832657224200455
566,-7.451804773907007,1.9470072048504354,-0.030724810690257343
567,26.496198909266347,-3.3285922039039457,-0.00803369348606875
568,-11.481764983247338,-0.9896727359708275,-2.0496348060472593
569,19.560642229113476,3.6672506459300473,2.0634898775260595
570,30.51317301301369,-1.322247752359082,-1.0138972443230374
571,16.540189078006655,0.7386318256414821,-1.0474202786770692
572,27.562640833313218,3.6660991613658025,-0.948401596020497
573,19.48925640996689,-5.28745494651006,-0.1876444339629333
574,28.515436926469683,-2.32379866828247,-1.1345667486933286
575,2.4802348317100638,-5.105284602795781,0.9539709445389768
576,6.524559454920869,-0.1609936221104542,1.9729702053713298
577,19.52347239993336,-0.23312401148819095,-1.0356647024145182
578,-30.44297665093362,3.2017639478140607,-1.0659166571571688
579,29.52698417617966,-0.32883469461752224,0.9248947136710792
580,-11.457977191079685,1.0463747362046236,-1.1267030831611806
581,9.563375938095746,3.802048267735482,1.9685126669130728
582,-17.48099491783838,-0.942718889558706,-1.0261050139297025
583,-20.441680180450444,4.0248692224144405,2.0850295116043487
584,-20.44308270333264,4.03931335713833,2.1054584075400866
585,27.51272070295112,-2.3333923619047408,-0.12025865096209065
586,30.572642084014056,4.681093311618478,-2.019949213607979
587,-3.5073423519377513,-4.001181378677553,-1.100476071227116
588,-15.450039685414644,2.0604551660484036,-2.014674863826648
589,30.535377070740033,0.6569763578587144,0.953749197098074
590,2.5614469710949237,3.8664133918862165,0.9971882702737735
591,-21.47011999883855,0.12953309824726844,-2.042607888885814
592,28.530549347236096,0.6988111260598293,0.03622331716772642
593,14.564464116426116,3.853589787281618,-2.0212585530442198
594,13.533451834104397,0.8371913055161526,-1.0236155472580122
595,-28.459301517891106,1.1843307294474696,-1.1225763931313335
596,10.538283183614773,0.8630658937616831,-1.0367000233343702
597,-22.476304112148938,-0.8291525693282216,-2.1208728397055796
598,-19.48746184466081,-0.8785620558680853,-0.9663510426624371
599,-1.4470086658889798,1.8869859067982793,-0.1081245806288873
600,25.535848317609272,0.6988653424638729,-2.0152717634345985
601,-8.512776086366436,-5.042217089873373,-0.10016717058034352
602,-3.440411427000946,3.936385131039329,-0.9657938990987001
603,-22.466783305639265,0.12292530226643006,-2.0528397435045758
604,30.54171207648985,0.6428407287898059,-1.0840988779200282
605,29.514845502122718,-2.360991238605423,0.8608073035341826
606,-12.44843632824805,3.0723196717576693,-1.9843532539977307
607,-24.498227172553257,-2.9307351416259637,0.9676532664561357
608,19.573718634459816,4.7988846843302655,-2.0139346207449966
609,-19.473984770610777,-0.9599688794356149,-1.121859223772019
610,26.55665247171185,2.705617164851513,-1.9929798994253372
611,3.4894395642789604,-5.104209593071141,-0.18706896552733543
612,-24.4411245945951,4.126352026842958,-0.9375793602090954
613,27.554625575187295,2.7256800353429913,-2.0497089940120503
614,24.566327083968865,3.6868551606921267,0.9399987929779927
615,-29.434963886643104,4.1794246908950745,0.987450683491419
616,-29.507945364733583,-4.832639760522744,-0.21762534647993625
617,26.51658975780476,-1.288828808280047,-0.014519298556499027
618,-14.48560630277779,-1.9815091869315298,-2.113383311668911
619,-12.466614772537675,-0.047773491570940685,0.8997628623259524
620,14.513704019512808,-2.167349297539072,-2.0904651126833045
621,15.484503922246667,-5.266577692430782,1.8514218514631562
622,-27.451525791624324,3.1182893902553506,2.060938973304399
623,-20.492078219566064,-1.8939972445916555,-1.0666856485093192
624,-2.4794023424653275,-1.0411611874026963,-0.11359036153582425
625,20.48857092772247,-4.290517454738063,0.9401106301700173
626,-16.45368647215429,2.0264989539462377,1.9627284767320532
627,-9.504077977480485,-3.990271021279085,-0.1662668453721099
628,-30.487582465512613,-1.820913647205392,-1.109904975323423
629,9.529410575084313,0.8604217460785426,-0.9382509507195889
630,23.50130681728401,-3.2876118449478597,-2.054587433760587
631,6.521034303311389,-1.151336380089607,-1.0419488732383027
632,-4.482608866106986,-2.0815654503309946,-0.12819623465325103
633,-12.510638516776204,-4.035689115314708,1.9623448040000087
634,0.5662502735391612,3.8583324821160927,-0.005398299584210786
635,-12.480066096685839,-1.006200190483305,0.97219906622915
636,23.548655479658812,2.726251434131629,0.06546274837428001
637,25.522698796331518,-0.3081720162539847,1.9859178765056367
638,14.524268756262224,-1.203207435285551,0.8110326864729607
639,-6.438488436895042,3.9938074072103626,-1.9738141943444745
640,-10.42170368332065,4.989765736796081,-1.0514427382162759
641,26.501517115331914,-3.357919269886381,-0.059321804702982206
642,-13.447294384875988,3.057851368657855,-1.0167997572836573
643,28.5129262238222,-2.3543814743500766,-0.10601693264788281
644,-17.468939820397395,0.03772905410949701,-0.05732133347341817
645,-15.456915224518852,1.998609039156607,0.996255299957796
646,23.500115619701596,-4.34167795119167,1.7799183929656657
647,24.538431949531095,0.7429879935451016,-2.090905465817194
648,-5.490569058219606,-1.9856501466095229,-1.055175034666961
649,-5.502262449820094,-3.098873765071337,1.0179324512804326
650,-0.5208187782596809,-5.0612901506575545,-1.0382076922540886
651,-3.4928218266998456,-3.027116789233126,-1.164452996962321
652,18.5402607091602,0.7707715484146549,-2.031176592810185
653,-6.517075025991012,-5.046834031795441,0.9084075695484524
654,14.553612347804723,2.8086168111574965,-2.023245014343817
655,-30.46943045479325,0.17440396489049892,-1.0352121079541554
656,-23.502875666366545,-2.9009884199451164,1.9429523784637235
657,20.552481749790296,2.7674745182064973,-0.013254506923672249
658,-4.4520013479751555,1.9318416198770603,-1.009294096519675
659,16.504709573709057,-2.215901274293766,1.005268742337126
660,-18.503180561394203,-3.984212964734852,1.86634272019006
661,13.572341511987858,4.810706124790118,-1.9632527220570466
662,17.480914857027436,-5.222589205557479,-2.065070697715111
663,9.543896713027614,0.8276326612323848,-2.1050035630589825
664,-7.500419606191329,-3.0014707712565922,-0.07480653170015339
665,12.565730243943314,4.810696940266179,-1.872419633996244
666,10.506996605130318,-3.213589926942036,1.833868357030318
667,21.496860104986062,-4.343967345191976,1.8522026020700837
668,-24.48698814691128,-1.9148408400951533,0.9371957741386039
669,21.53694361671041,0.7394723154288521,-1.0237587776158796
670,-21.45210648717428,2.099742731368841,0.8990802030513687
671,-16.431471315023813,4.1095059052248315,-2.10424441820428
672,-22.50441745206213,-3.95661021849223,1.9231558600284933
673,9.47784732533087,-5.1526929140155415,-0.031892866012313004
674,20.52989268073508,-0.22046113698808778,-2.105779110755769
675,-4.51596032390529,-5.057785924508994,-2.1019802635180964
676,22.54377242627225,1.7621277900179413,-1.0089728329605485
677,24.499201039316837,-3.335695596320373,-0.061476940036546246
678,-6.460047939109458,0.9630991567666358,0.9339746621505958
679,19.480808861578403,-5.230211161821979,-1.046184846315736
680,-25.43261815667947,4.101711104279706,1.9463164265188224
681,-20.428760313705634,5.063121484132609,0.03345094652422009
682,-1.4552973286455426,1.8978986417687738,-1.9954069158285397
683,-27.433003723331204,5.16595928051411,0.10429014557235394
684,30.558142985303867,3.5994642605838765,0.08922843320906582
685,-4.4233006354183,4.948933003244757,-1.0242093430973487
686,-22.438515482927095,4.020506763704629,2.0213721389991886
687,-31.44773546753422,2.1814671875475105,-1.081538525004119
688,23.526214267831328,-0.27845709961466447,0.9584922102234037
689,-28.46334577892224,1.1097652688351465,1.960682952263772
690,-26.44969455903825,2.1085649571548393,1.9201065533142438
691,-11.519381944658896,-4.992134810932481,0.8971483737661945
692,-6.504746031017689,-4.0618314741597965,1.8600948741179906
693,24.546873463324694,1.7071667208744863,-1.0458313175394358
694,-8.463336562878538,-0.03690299183214396,-1.147266402763989
695,13.56708176097223,4.76644095179022,1.1061101890810177
696,-31.47566215111696,0.1787310412126164,-0.0014889012690311176
697,-29.467373236402434,1.1113138689651292,1.0721437673958052
698,-15.465549686644415,1.0501693450284764,-0.9621271737053041
699,-2.4984907389758746,-4.082981010245906,-1.190952867993003
700,-29.44942151422279,2.104752689473302,1.9668162907200069
701,10.53795159001183,1.7790478029588819,2.0943449207261846
702,1.569864813090895,3.834341160454012,1.8996672438148376
703,27.500965871884297,-3.320849312971659,-1.0864556526090523
704,-25.466297459068848,0.1027418209976334,1.8682558974295507
705,-5.469067670686741,-0.06432949286926526,-1.0304595910119794
706,-3.4434515280699927,2.9277781265930214,-1.0035913428151102
707,21.553190057350783,2.696053169918142,0.0026935305407245203
708,-19.43000137062372,5.084964789491047,0.019120663215400846
709,30.572282166912963,4.6421713129285385,-0.9758795082515133
710,13.565380529114648,3.82223570268883,-0.05321292164855285
711,11.530781355943986,0.7544408706376791,2.0616425398835725
712,1.5623812745724095,4.9084555384083535,1.1324752241430938
713,-19.424770300131467,5.092195556902552,-1.0573422298937807
714,-22.450227124420735,3.06921961913202,0.09779794915257156
715,-9.427938641568552,4.98390404547125,-1.9582554652663826
716,15.513079101824694,-1.2539496827159913,1.0385066041433433
717,27.573025107739007,4.651797346993368,0.957648065137688
718,29.516519707507207,-2.320112634402688,-2.1560804629667167
719,21.55152851773888,2.7332010114661793,-0.008711113718265384
720,17.496961745180208,-3.2467577012213167,-0.9948784348993169
721,-20.509571479807533,-4.971583960746427,1.8621548144572628
722,-14.48590710812207,-0.9578795943184888,-0.9580116499601581
723,-10.478523683505784,0.01783601570273685,-0.9269469368273291
724,17.526689182439206,-1.3132757423081287,1.841244078683065
725,18.523775617185457,-0.2505909028523279,0.03617603718568718
726,29.50672804582829,-3.291141419211316,-2.1815334847548047
727,2.512354036629617,-2.0825027601459536,-2.072629714823967
728,-10.430317451673318,4.012975944446125,-1.105372419240426
729,3.532520995356947,-0.10529651276453489,-2.048280756014469
730,-16.48970250804605,-2.0338437782978223,1.927754700304491
731,11.501721678703284,-4.243300318378295,0.7848693620454807
732,-15.446261706364012,3.04562082826199,0.03806288621638565
733,0.5188671326185386,-1.1409953916774875,0.9634743866992199
734,-11.451720646626711,3.033471136788277,-1.8950622937359198
735,8.531963680731359,0.8668113247819766,-1.0172173128411912
736,-18.506177724954593,-3.960289535744376,0.8878747694956739
737,-30.51214418377771,-3.8246316866041568,0.004074166434656856
738,-20.488036619562717,-1.961998732810891,1.9533203128398418
739,-5.510615301167071,-5.045747558841576,0.8206408959176597
740,11.556761895806552,3.85672112741731,-1.938934795752279
741,16.497319299025683,-4.226601051511722,-2.1422333058096665
742,27.515116759941485,-1.342998930533431,-0.02892562786215125
743,-13.433104378601321,4.977538605976494,1.1058781109466738
744,-1.4646796549100074,0.9706694920500336,-1.0062955096109696
745,29.57270182615249,4.636977315868903,-0.0010676352863892014
746,29.499686931289396,-3.4282297850655614,1.93162361073869
747,-29.452703015107584,3.160169951106962,2.0578116709410903
748,-12.432809995821422,5.037159827746689,0.08226614417063649
749,-21.49278766369231,-1.9312137605010156,1.9282878949530362
750,-20.438428386450358,3.029762899551943,1.8878318295741563
751,9.51547893065515,-1.1903461124592019,-0.018653264003813952
752,-19.469562493367476,0.023659169280018766,0.9124344701155005
753,10.491826349013543,-4.161504046716607,-2.0509500426489047
754,-11.480949762592203,-1.000937155334742,-0.05887620516134495
755,4.500170303484417,-3.1553730695042144,-0.08772400590115614
756,-11.423430790005135,5.036234092323439,-1.0609527589993002
757,-14.463885506082697,0.017218917152910684,-1.1275855343201253
758,-2.5078478503727695,-4.069821057874925,-0.08650470320147852
759,9.502785068626686,-3.19491716384495,-0.11351520039061747
760,-15.51615423305681,-4.960456529860547,-2.089237163233725
761,20.50685243430039,-2.304246255429428,0.9552321667791359
762,3.5023641470922797,-3.133457677466821,1.8864532208153904
763,-6.482064291547715,-1.0564297928389697,1.9209997640122802
764,-2.4509532584730067,2.9519758604616593,-1.9221869437792358
765,10.551215352607521,2.7967262905176726,1.9941684497056897
766,-3.429987015152605,4.914971288021058,1.986038568350878
767,15.541476151357536,1.7620959020410671,0.07235881286172408
768,-27.489274732122393,-1.812531623807065,-1.0466976749007886
769,-7.511039859427633,-5.050296902504281,0.803894446950769
770,-25.476653157063442,-0.9266850331182157,1.8937292343243577
771,5.5378235360633425,0.8737619479541454,-1.0304765158323246
772,5.536028362415415,0.8732077276223906,-2.0049517397405308
773,1.539944190681254,1.8927061397424838,0.04745480941602764
774,0.4950263216734925,-4.134133342558902,0.9188715238778555
775,-18.508745249710895,-3.891015514138897,-1.0769872327732088
776,-5.448093213019931,1.962342369175878,-2.067325277961062
777,-18.51781380133838,-4.948419016550988,0.9534329642861312
778,4.484864133012465,-5.1289518870741455,-1.114873646687696
779,-28.46786171878946,1.1830270623947117,-0.9816891748231829
780,24.518005199336862,-2.327033582834,-0.18494691211313397
781,6.534800282957008,0.7995962648465307,1.0391394640270502
782,18.555818529287983,2.7527012359519505,-1.027138427566734
783,-21.438384265392727,4.051446937249703,0.019628950928616273
784,-17.485709448701257,-1.9048334981731516,-1.0914896593625283
785,20.554046262209262,3.7891016853066306,-1.8762395620833328
786,24.49965308043327,-4.357394728961279,1.8067481853363896
787,10.487989750307015,-5.17967975976844,1.8067229466534824
788,1.5362336209436194,0.9214681679759424,-2.032249452842035
789,28.556496034361878,3.6175814638867694,1.106841588852121
790,-4.504559728764811,-4.046461950548762,0.8309804409446118
791,6.480272372140384,-5.19431191466744,0.9743438170784255
792,4.566140237745557,4.841197185041717,2.114005931812507
793,12.50698861016052,-3.231846862652155,0.8708976642424173
794,9.540099948414372,0.8088372260800991,-0.09205958593159735
795,7.541395922938321,0.8415774028347309,0.8742315862123644
796,-20.478985364262382,-0.9387754112442543,1.9103537134842519
797,17.568277297748914,4.737053936668651,-0.9437078639759706
798,15.554991497871022,2.8235525636881116,-1.0055651199516618
799,18.564798825274643,4.717556632300703,2.078182031770032
800,-21.49014025508428,-2.873105574386036,-2.1958995638899967
801,27.51001095253752,-2.293639662164339,-2.0279836300454033
802,-26.45807421699634,1.096576418609251,0.8865707584625713
803,13.511361537171396,-3.221313692553143,-2.197066836179764
804,-3.5196153026116477,-5.051875326994492,1.9150217640540292
805,7.564207623618607,4.893341434301656,-1.8877269502189848
806,30.53173670748793,-0.32976065867698434,-0.1376474820520679
807,-6.513275621467933,-4.069955936160485,2.0120972487505213
808,3.530458202062306,-0.14787247650327018,1.8760755639602884
809,29.516605621295547,-2.3533251486826976,-1.1368104975618207
810,27.529530024379675,0.708235708261113,-1.928254255803066
811,3.4928364460873027,-4.083556409760762,-0.11101383926974862
812,24.547352720523115,1.672227766896282,1.9611133886716052
813,4.551391085600528,1.8809328315688072,-1.105661562939647
814,25.51439973419641,-1.294026737813692,-1.9859245285127534
815,-7.485334554276058,-2.0287016907911877,-1.1181075761487909
816,-5.480243357080212,-1.1188111744265155,1.9557049604699444
817,-13.495977394426923,-2.9302653332838355,-0.10674923895266542
818,-11.432452356119178,4.98466054729328,2.073648300592513
819,-0.479567665731814,-1.1024277727730025,-1.0663490159401618
820,-17.47186211317638,0.08249753057864151,-1.0752938869225745
821,17.574795833204796,4.816514846544622,-2.0480639962617477
822,7.546516071538306,1.8383377600616466,1.8991787333540486
823,7.544069463649748,1.8119871425339555,1.9550291571391485
824,16.56115736286869,3.7288928680456417,0.05977997714309735
825,-28.449999403271498,3.123198411259568,1.0552777554623862
826,0.4981143332608369,-4.063709469120929,-1.1625264301759333
827,-11.465460129370271,1.0075793714666146,-1.9890595817701986
828,-11.483707187523066,-0.9801773062316297,-0.005138564107127319
829,-14.493493859366033,-2.989839405303352,1.8599385988604622
830,-4.463362806686234,0.9706566164235415,-0.037573301929479275
831,-3.4290373255301816,4.9590496580588,-1.012722395312506
832,20.55773528661428,2.758166696388554,-0.09799333472591609
833,22.507652339354088,-3.2631131501260926,-1.184528535376666
834,19.56948592015315,4.761378585150328,1.0096604670918685
835,18.55703010079828,3.7384180115718975,0.07450843516528316
836,-6.478998946132265,-0.9754599507281827,-1.070074679927115
837,21.521827604355117,-1.3088983354764245,0.8935779074614536
838,-8.468313989477167,0.9696261397794137,0.049420947919742275
839,-9.439423608978473,3.9285446463063325,2.0740974399447296
840,30.557474385102246,2.630244845746428,-0.025118875379982697
841,17.524415954399053,-1.2239307172079719,-2.095102417761411
842,8.535369451669936,-0.18732542465407054,-1.114572755704038
843,8.490807771352287,-4.2054274999501,0.9110144848380228
844,-21.479456764842094,-0.8929158359079872,-0.06548995892791787
845,6.535286155900529,-0.16691552210015725,-0.15242759492039903
846,-5.489948951802859,-1.9789366850706305,-2.050558685908026
847,28.53056942874695,0.6736695558850343,-1.9172925224625916
848,-25.510422683458295,-4.852019553132686,0.7960974509427161
849,1.560131430187326,3.9073441318900235,-1.905223187934326
850,-26.48683277795385,-1.8901261377709533,0.9207748045881039
851,-3.5012875531940253,-3.065582180543965,-1.0320222579696092
852,-29.449287855246652,2.1344960680944967,-0.08796872897912023
853,3.5646208215935076,3.8597312829900927,1.9942977683606484
854,8.572323328667217,4.781939301627118,2.022268849059616
855,26.495061319517724,-4.326181504493041,1.8695931919936157
856,-12.521231848795104,-4.973147703072097,-0.022560321475915135
857,1.541051377363523,1.878899768287531,-0.9274721755375865
858,12.538140947754314,0.7546456616840782,0.9827944945517544
859,6.515216314806615,-2.0932587515838055,-2.1414123792383526
860,24.573339645094485,4.684541999173201,1.0094201702914631
861,21.565678208248592,4.736982646415327,0.11109557803006442
862,1.5746558089063285,4.831030018854654,1.9724882039780507
863,-13.462564206528256,0.9663056950673559,1.9453904167465081
864,22.57215342341157,4.771137463346103,-0.9990177686392516
865,7.522316752552115,-0.192453960435075,2.014896139814807
866,-22.508269060342016,-3.8829977746728614,1.9189322530799267
867,-14.493658972093527,-1.96797560337692,0.9450619027098037
868,-22.477149575063866,-0.8393070342013695,-1.1119672409646504
869,-8.50251719327661,-2.9894232322193357,-2.008505380863742
870,-14.496692043260452,-2.9648724885550934,-2.07438333881103
871,25.494070390691853,-4.364530467404938,0.8807610524645773
872,-7.516391111794107,-5.062375420814632,0.9298506628925889
873,-2.4825330879272443,-2.056313947841666,-2.134311007872288
874,-7.498970517348788,-3.0616662526285197,-0.08685263403236565
875,15.545453755479606,1.716323590485949,2.020501423176121
876,-19.491079892291413,-1.9011629003382802,-2.0661390075067
877,-16.48652195816362,-0.9587908979412374,0.059494398605799415
878,-6.428457841478306,3.959487072291334,-2.0997223013813824
879,12.510703538489324,-2.2179177178390166,-0.08601456772014648
880,-0.43680828673090843,4.906372928404326,2.1052169458551617
881,-28.505705829482782,-3.8307317732276083,-1.120985179911078
882,-0.46703844914428316,-0.10263314278382918,1.850005401854414
883,14.501250877066745,-3.2034786289606902,0.9050723870339765
884,25.555749537289493,2.7110244382870468,0.9326063848006383
885,-19.45330394143829,2.038954663401765,1.9769298159419213
886,23.550238080809798,2.651409902515419,2.0725908856221187
887,-3.4599866380045725,1.9428263466048543,0.03762805953853343
888,17.48775946398691,-5.273331194648382,0.8321351856015915
889,17.576602019058207,4.743125012534418,-0.05086437238408026
890,-19.493803657718082,-2.9503267234654107,0.846955110552873
891,-11.452905180824096,3.0122585317869364,0.10771093591262115
892,-29.515069454162617,-4.847151940483971,-1.0635385458561193
893,-25.425225076480277,5.169012651284784,-1.9727682743231796
894,10.514883485972554,-1.2258229165071728,1.9738038352450156
895,-8.486994941447328,-1.9510430881103162,-2.0769189729950375
896,27.56676760971387,4.662180223245751,-1.887132430725903
897,-8.510959565306976,-5.047370069267112,0.8123571827499969
898,1.4926751860711178,-4.049148440177016,-2.1317888371471083
899,29.559063898356534,2.680683295978242,-2.076837022169462
900,-19.492477153887805,-2.884036932959906,-1.1691995769668502
901,15.546596830501763,1.7810154083457368,1.9393588027240982
902,24.553270880679996,2.7418090160575526,-1.0218652446556309
903,10.527161899126426,-0.1855750895767594,1.9372969495158223
904,3.545122058886612,0.8314284945345749,-0.12806135255687767
905,20.55037398272716,2.683451854896144,2.0600915744221746
906,-7.449298541478797,1.9550998751661828,-0.056088715043922655
907,29.558886413088437,3.6722277258229665,-1.9743547236734256
908,1.5053203725613287,-2.067864486309382,0.003591444267015298
909,22.552704891277607,2.7133753941844754,-0.028446667978085927
910,-25.481345098363395,-0.830190036365682,-0.049682690861095224
911,24.512998505617055,-1.2949560659194153,-0.9588431470260064
912,4.533827287451643,-0.11083381180532026,-1.1346065068780238
913,-20.502408245526286,-3.9553168665096248,1.8222134025358638
914,-29.511918091450784,-4.886581107255825,1.8635599610169429
915,-9.506425278525967,-4.058749971716049,0.9242576660038173
916,15.577442945904544,4.721347039633833,1.9189476656671198
917,-28.439252819318934,4.194774053382768,-1.9471609306687971
918,-11.425362396494101,5.029688770046961,-0.9858337323494673
919,30.49071061228846,-4.384518832386596,1.9082666057588602
920,-4.479386792522071,-0.052873321198538825,1.055403989819042
921,-1.4841362229277024,-1.0641705442137117,-2.0023385185252263
922,-6.454437323326047,1.9656047945237516,-1.0280152969958567
923,-0.4417048291653245,3.889776260628257,2.0712432626068233
924,-16.444587821304076,4.060760678029998,1.08852988718815
925,-24.486557862181726,-1.909946577775532,0.9143557324615235
926,-9.493234817670064,-2.9948172827487305,-2.144923145200872
927,7.541817095078109,1.7892097541588292,1.035073684059351
928,27.49896002713391,-3.3493623767006673,-1.0412491793132248
929,-24.491292839293973,-2.8985910231338545,-1.172137118374338
930,-31.45935469368504,2.21475658658201,-1.9360470450081313
931,-10.44727810930307,2.993879804815583,2.008046684870589
932,3.567160167135583,4.8783469199722616,-0.9298391682407794
933,-7.5045416867595165,-3.0623440858882827,2.0236064971719276
934,-13.461825141736142,2.0115301285338623,2.0651360594670383
935,-27.425865276382748,5.1432013602241815,-0.01849900579260355
936,23.57507905623101,4.729428978430824,-0.0742875148419424
937,-17.49975875921026,-4.024333173585145,1.8088708174128678
938,-0.4853250260178754,-2.135062922866849,1.9170790251595813
939,3.5549940130388222,2.8831794585207327,-1.9504369613145665
940,-10.429368596708962,5.021761843746471,-0.9277670855588647
941,-9.440826318086934,2.97873009059911,-1.0826040398546983
942,19.486385934731082,-5.232256535742665,-0.19139193833990387
943,-17.50129545498298,-3.9304964864616667,0.8009407753742961
944,1.5725758963922374,4.809858762439579,2.0070819675915024
945,-5.479750063191609,-1.0083339037596049,-1.0746614766403348
946,-3.4378769663263142,3.938606699346919,-0.9816520511404438
947,23.534329553939237,0.6892006911490798,1.936714528745762
948,9.549585093623229,2.8014215348385854,-0.9048963049472496
949,-20.465448088137876,0.1091742293341289,-1.1418225834012796
950,29.57194222243887,4.63765703135435,0.9857625305096942
951,-22.512408065245193,-4.881879324911068,-2.0950998459858288
952,6.506962438548108,-2.1483035544499085,-1.0234096289160477
953,-9.436254651541823,4.016539227428432,0.9932772732187836
954,13.552157234072865,1.788464936778845,-1.1132460041657608
955,-23.515566862764434,-4.836928489894855,-1.091785079774935
956,28.492337677099606,-4.322921824656744,-1.111284291645376
957,27.549165166829944,1.6093816611146412,0.9298540172035703
958,23.48883966338233,-5.267530389512326,-1.166247523108106
959,14.558032436414784,3.7460179885111566,2.019413922352835
960,1.4836478164911213,-5.100525162621966,0.8496393188313798
961,1.5498672828126914,2.9108671508298185,-1.9413141915827579
962,-19.4737918562771,-0.9317290214118517,0.8191499741186203
963,-21.445423005046067,3.0490078014477033,1.9570482627474517
964,-2.451970438993108,2.8867521647387075,1.116369688411372
965,-20.462093099247525,1.0362418502985689,1.9911357194596482
966,-3.4856515153053707,-2.0389596765064812,0.8428622361414377
967,-26.509323518755085,-3.8435333478108635,-1.0833283124078712
968,-24.46520145305122,1.1046564027479642,0.03939771822471272
969,-7.471041339163818,-0.01350230599267821,-2.0577719317733685
970,-21.505765457338114,-4.925343386355063,-1.2180263937983438
971,-12.503880221248863,-2.9883875813881646,0.9888811895450624
972,25.50983291459601,-1.2609426704915148,-0.9315460550132486
973,-2.5097280613306836,-5.082912724542636,0.8086164393098252
974,-16.460432262101392,2.0467375481884478,1.0426257970882045
975,6.520357572649914,-1.154809257983553,-1.0849261924914495
976,-28.51495573697034,-4.799854155915771,-2.1307039658215015
977,22.519669469815135,-1.2872827589267164,1.8728662047185347
978,26.498124945778763,-3.2561260322868364,-2.054869657184666
979,11.550762249899428,2.7873517781901453,2.0094172314342016
980,29.477902059493026,-5.374697262555389,1.9609140955415238
981,17.499270742822453,-4.231406263160451,-0.2166014289151632
982,21.4946408210616,-4.278769224113287,-0.116861958360293
983,-10.49520128073275,-2.0368983071569504,2.0160959498928923
984,-25.4496504256421,2.0736938186139735,1.892930964244278
985,-4.436674714023333,3.939932470998282,0.027243059087513455
986,27.572563328477138,4.6718730967529,1.9716122231499025
987,-0.4826446405654181,-1.142002631632168,1.9943275642723801
988,-31.507388505712044,-3.8151801140694355,0.8817362280120697
989,19.52866745463944,-0.28282844093728166,0.9508424803464566
990,3.5113594291541403,-2.119652977755896,-1.0271509736906834
991,-15.443815570047846,3.018620876830843,0.0056458621016193256
992,17.55400135618678,3.7910896675393237,0.09675626529280601
993,21.57525793017141,4.741888835740547,-0.06970292644929632
994,26.543638403070595,1.7047682258630017,-2.002309610835754
995,8.55114946654001,1.7986826020368936,1.8724497160826372
996,27.57075515083718,4.623803181682102,2.0450763694918663
997,3.5303817149098293,-0.11308300469947774,-1.0724500840879492
998,-27.46219044661678,0.09814325418796077,-0.15209697904356023
999,8.5354760600936,0.8403193083357676,-1.0141903589730386
