,Customer_ID,Age,Income,Location,Number_of_Active_Policies,Total_Premium_Paid,Claim_Frequency,Policy_Upgrades
0,bdd640fb-0667-4ad1-9c80-317fa3b1799d,58,40039.59,Johnberg,3,12999.7,2,0
1,bd9c66b3-ad3c-4d6d-9a3d-1fa7bc8960a9,61,153320.19,New Roberttown,5,5260.0,6,0
2,815ef6d1-3b8f-4a18-b7f8-a88b17fc695a,19,36865.14,New Jamesside,2,25762.41,0,1
3,96da1dac-72ff-4d2a-b86e-cbe06b65a6a4,63,136979.2,Lisatown,5,21556.47,7,2
4,b2b9437a-28df-4ec4-8e4a-2bbdc241330b,69,176474.06,Petersonberg,2,35208.83,5,2
5,562b0f79-c374-49ee-b50b-ea63371ecd7b,27,58756.48,North Noahstad,3,6008.3,6,0
6,43b7a3a6-9a8d-4a03-980d-7b71d8f56413,40,172548.99,Lake Stephenville,5,13961.52,0,3
7,142c3fe8-60e7-4113-ac1b-8ca1f91e1d4c,52,42468.71,Mariastad,4,4861.21,4,2
8,11ce5dd2-b45e-41f0-b139-d32c93cd59bf,54,54611.95,Lake Jeremyport,1,3245.39,3,2
9,3b982ef8-daf6-4a26-946d-3f31fc377a4c,23,173957.19,South Joshuastad,1,19626.19,7,2
10,35a240ae-5af3-4553-9ec4-2e0829a3b2e9,28,86632.57,Jacquelineland,2,33838.58,10,0
11,88bd6407-2bcf-4e01-a28d-efe39bf00273,56,134296.09,East Steven,5,36727.21,2,3
12,a3d70628-ece6-4fa2-bd51-66e6451b4cf3,42,68590.61,Lake Mark,5,11761.14,5,0
13,3aa2e4f9-0e51-430d-86a7-ee39c4b032cc,32,167924.47,Port Leslieview,3,20657.07,1,1
14,f16287e4-e9c3-49e0-b602-f8ac10f1bc81,76,189723.75,Jasonfort,3,11418.7,7,3
15,a491f0b2-ea1f-4a65-a27a-984d654821d0,74,184618.57,Thomasberg,4,8000.71,2,1
16,89fa6a68-8fb5-427b-beb7-99193f22faf8,65,121046.26,Juliechester,3,37603.68,6,3
17,5cabcc97-663f-4c97-9562-69f0e5d7b875,41,59477.74,East William,2,25966.79,1,0
18,dc713d96-0c0f-4195-817a-f08a1745d6d8,73,39736.84,East Courtneychester,2,39811.89,6,0
19,61b1cd22-6280-4c45-9043-5a1098ae4334,42,88691.47,Riceside,4,26926.6,8,0
20,ae270da7-02f0-4b90-b143-262fdc5c0eed,61,149729.93,Lake Nicoleview,5,37793.01,10,2
21,1c8eaee9-5715-4d6f-a416-1293c4c2e2e3,25,72830.02,Ryanmouth,2,23232.46,4,1
22,e037e5ed-b8db-4672-b42d-47cc00d4af59,50,184273.01,Teresaburgh,3,42241.8,8,1
23,deda4e16-1b3d-4d5c-a9a1-fa6f81f76d1c,27,87304.49,Meaganhaven,2,27429.57,8,0
24,5fb8d16c-2720-497d-b2eb-d6899be578c7,56,78348.09,New Stephanie,1,6481.52,5,2
25,00257ad1-eb22-43dd-87c5-421eec24a3c5,33,30426.53,Tracyville,5,47400.52,1,3
26,fc3e058b-e0f3-4ab0-9cec-4eb5edd96831,70,32458.25,Johnbury,5,38525.89,2,3
27,14296c07-f26b-4776-913e-4de2e0c53cb8,78,118964.65,Lake Toddland,3,26856.02,9,3
28,c40db9b4-885f-4e66-82b6-d2c5fa5d3100,79,58123.68,East Donna,5,38007.99,3,2
29,43dac043-2a45-42ab-8cbf-edb0f264accc,43,199126.88,Brandtside,3,22466.9,8,3
30,337ea2df-b09b-4a5c-badc-c32ac1590f53,25,64623.01,Raymondstad,1,17566.19,9,1
31,7394988f-847f-49b4-a64d-1bcb702753a1,55,59639.13,East Jeffreymouth,1,35684.21,0,1
32,3ae8cc93-8dcd-4d03-969b-666205628059,22,182975.6,North Chad,3,4472.01,3,2
33,114125c6-3a9b-4dd4-8f12-59e0a18ff6b6,60,107374.61,Port Markhaven,5,7483.28,9,3
34,7c441fe7-ab42-40a7-874a-493b3ceddf2d,33,161231.5,New David,4,10330.09,1,3
35,93829b43-922f-415a-a1e3-db63ef7ddc76,40,96244.15,Sanchezfort,4,43328.0,0,0
36,1825bc54-30be-445f-a835-14f2ceb81f9d,21,92471.83,Lake Ryanchester,3,40229.03,1,1
37,baa4b71a-dd24-47ac-b78e-edb3693dffbc,30,54237.6,Lake Deniseville,4,7868.93,2,2
38,56dc8907-ba6c-44ab-a712-303a0f844fef,47,64965.16,East Jamesside,1,22713.41,8,0
39,2ef91276-6c00-4f61-a3e2-fcb472d8567d,21,137386.08,Stevenland,5,41965.35,1,1
40,db20a56e-dc81-4fe7-8eda-8bbb71710434,28,93154.53,North Deniseside,4,11473.62,6,0
41,17e011b7-f810-4383-83c7-2ba8d605e770,28,88215.16,East Richard,4,13994.95,7,2
42,66aa9385-dd59-4a71-b6b8-24817b3a4e3e,45,145386.47,East Nicholasfurt,5,33431.69,7,1
43,c8fe3ccd-c8b8-49c6-ad30-49cf43e458fc,30,73407.41,Mitchellside,1,29379.83,8,0
44,27a0c3d7-7c96-4f79-b7e9-9acaa97065e1,65,76448.87,West Jeff,1,29624.7,8,1
45,8acd4e10-bc59-4585-9445-28c00ef8c2d6,21,192940.2,Lake Leeton,1,42715.78,1,0
46,eb5cf467-80ba-4d64-ba0e-cfea958ca9ba,61,175127.46,North Susan,4,6874.44,9,1
47,118a9d29-2f92-4996-99f1-95d014822f53,55,127013.45,Lake Michellefurt,5,5017.19,10,2
48,91d63f78-e3e9-4e99-b10c-718b1eb0e38a,77,66937.83,New Brooke,3,12695.61,6,1
49,a8499b92-6b52-42e3-94fc-dd549e8fc965,60,136190.14,Sarahborough,4,16492.68,1,0
50,3d1a85dd-506e-4a9a-b758-588dab73295b,47,131808.67,Randyport,5,49808.73,1,1
51,c07a30f2-edd4-453b-90f0-fd0a750cab75,50,67736.07,North Stephenshire,3,44162.34,3,2
52,89a2688b-12c1-46e0-9998-5f15ff002d4d,36,48394.43,New Joseph,5,35473.46,9,0
53,119c4ea3-e180-4081-9958-a499eeea163e,60,167078.74,West Justin,3,46656.05,1,1
54,b41b3143-8b10-450c-9570-4f32702cdd20,34,40777.16,Cherylhaven,1,37378.42,2,2
55,8dfa6a56-d12d-4c9a-aaf9-15310200b1f0,36,128869.37,Sarahville,3,10976.27,10,2
56,43b409ef-2260-470f-a0cc-edc5f05db76e,50,107935.73,North Juliaberg,1,5522.62,6,2
57,35ebd32d-9ad6-40ab-8821-2ddb45b89cd9,20,20638.22,Jamesview,2,32218.56,4,1
58,e7c421c7-4049-4b71-bd10-6c6081627cf1,65,99530.39,North Cynthiaview,4,28484.44,1,0
59,c56811cd-5563-4616-80e8-5ece0b49452d,78,178959.15,Lake Tina,2,27733.92,5,1
60,8d3aed99-711c-41c9-bdc1-4f1f295d6fbf,45,42940.19,Hoffmanville,3,18867.92,0,2
61,b0e6a969-e213-42b0-b1ee-dba313432e61,31,142772.0,New Barry,1,18330.25,8,3
62,25e97977-8d72-48e2-951f-58d05e84f058,80,131719.07,Andersonport,2,46362.43,3,1
63,cbceabde-eede-4b07-a623-a6895d59cd2a,80,163979.67,West Jasonbury,2,44189.39,0,1
64,c7b5b2bc-5a8a-4eca-9a50-aec3aabc25fa,65,186407.71,Dicksonberg,4,40309.52,3,2
65,dd56cc94-3c9a-414c-ae0c-aeb5ecfedb99,28,161727.41,Port Lisa,1,19744.54,0,3
66,2dea9493-0658-463a-a98c-206fe1a47e10,32,55923.11,Kimberlychester,4,18133.26,3,1
67,bc2cbb0d-dd33-4cc7-ab7f-089acd5f4822,19,138805.97,West Erik,4,17084.84,1,2
68,df465290-61ee-411a-9bac-27a7b386f7a4,40,135466.71,Port Thomasborough,4,34296.39,8,2
69,598336e3-75d6-4ed4-ab1f-a9f2d10bd1d0,78,24968.1,Loribury,3,9749.82,4,0
70,3170f437-a8f7-4f5a-860e-df5b39118497,24,127382.83,Murphyland,3,36698.71,5,3
71,59e4b671-4774-4c58-85f8-bc16f7860b50,56,197162.45,Frazierside,1,19874.58,9,1
72,1d870966-0710-4430-b071-d87954c63cd8,34,27989.58,Gregoryview,4,1082.87,8,1
73,6f3f920c-98b8-44cc-9bc0-44fc09cb3942,41,97633.53,Jessicamouth,3,31534.62,10,0
74,82ec9f2d-fbf6-416f-9b30-80d56fb78271,64,182008.43,South Rachelborough,5,16154.95,6,2
75,6fa17735-b572-43d0-8b5c-ea6a41357e8c,43,145497.51,New Saraside,5,7237.1,6,3
76,bdf070aa-f0b5-456b-b82c-9074afd5dea5,61,154664.22,West Ryan,2,31160.23,4,3
77,5487fd4f-ebb7-4385-aa0b-7b14f2e9702d,53,170070.53,Elizabethville,3,15058.77,6,2
78,81d2c7de-4ce1-4b90-a669-7833b841d0a0,47,99521.48,Elizabethmouth,2,26047.53,2,0
79,8dedf9fb-4bb0-4f20-b27c-40266703b636,36,112781.36,East Robert,5,17424.22,3,2
80,bf85bf0e-ad64-456c-a10f-aa3ff0bbac67,32,165181.32,New Ashley,2,2196.84,3,3
81,001a9a8b-d56f-4350-8c45-9ce267f48ad5,57,172952.79,Justinchester,1,23315.39,10,1
82,a79ac9aa-9b4e-4c24-9479-e1e6c9277d9b,63,145343.77,Stevenmouth,4,20582.99,2,0
83,7922bac2-82dc-4c8e-b6b5-229aacf5e81e,75,155173.61,Lake Christopher,1,39142.6,3,1
84,9e87e04c-a208-4977-a9f2-533683f4a9a9,69,192433.89,Clarencebury,5,23762.94,8,1
85,ce7ae7f6-3982-4cff-8f77-a665ac3c5640,76,172700.54,East Andrew,4,7533.62,7,2
86,9c7c7377-79a2-4903-bbe3-3b243eae0032,78,155945.0,South Robertshire,4,31019.96,8,3
87,624c69b6-b244-45a7-b7e5-848131c681ec,71,183233.85,Rossberg,4,44963.2,7,3
88,e4855aa1-016b-4287-b008-05cca7f36ae9,34,155319.82,Port Ronaldburgh,3,38524.87,8,3
89,8498e113-b227-462c-b53d-4330cdda24ba,58,63064.26,Williamsbury,4,4796.68,4,1
90,74daaebf-1f11-4b76-992c-9227eadf5085,35,80452.56,Port Steven,5,4948.31,2,1
91,986f9025-8f15-4a58-bce6-850487f8424d,42,144910.97,Stephaniemouth,2,4147.21,6,2
92,e45b712e-b822-4688-90a4-44329cd6c852,52,103866.37,Rivasside,1,11134.89,6,3
93,be6033f7-28be-4288-a5af-6e39722764e6,75,158563.24,Colebury,1,42979.87,9,3
94,c40c5d91-46fd-4062-a33d-c7afd701410d,48,21061.3,Simsview,3,15632.02,6,3
95,49257af1-b6aa-405b-93d5-f2f7709b7d97,52,154552.82,West Matthew,5,40193.54,3,3
96,236c7b87-14a0-4ccb-8a47-6a87e49d681d,32,69128.36,East Patrick,4,2422.22,5,3
97,10714d51-36c5-4dac-b4d7-e28e271e3ee2,64,49708.05,Russellside,4,46057.54,9,0
98,34f3193c-0ff0-455c-aa70-2e2f7746d0ba,76,90923.65,Priceshire,5,33486.99,1,3
99,db52ca58-0500-4bc6-b20d-cb6ef2311f17,26,176033.24,Woodsstad,2,3463.95,6,2
100,da7b9095-63d6-4a39-80e3-befd4c71e0fe,31,101845.88,Medinaside,3,38300.26,6,2
101,3875394c-e5d6-46e6-9a6e-c2f5ccc42903,66,191216.74,Robinsonchester,4,13361.31,1,3
102,560c95ee-638c-454c-876e-2bba7c5308bf,19,154824.37,Ramseymouth,1,49995.48,5,1
103,9f4c3b79-fb10-487f-a0ac-3703eb67146a,59,32351.31,South Brittanytown,1,37957.43,3,1
104,22bd3388-6db9-4102-a48b-3dbe157d94a1,71,23668.4,Whiteview,2,12688.7,7,0
105,74672cd9-362f-4e5c-93cd-6268610cf373,54,190596.26,Matthewfurt,4,35273.78,5,1
106,d4f8fd72-f382-4cfd-8083-b73a473bd358,56,129304.55,Kingland,1,39111.8,2,2
107,8a175dfe-bfc0-4dc8-84f6-4d8678660765,24,124163.25,West Jeffreyland,3,29214.04,6,3
108,0a4e5b70-a6d9-44a3-b510-ab53c7fee39f,78,148702.65,East Jamestown,1,30012.8,10,1
109,20500494-3d11-4802-a702-878b9f0fda8d,24,145494.74,Caldwellshire,3,42664.37,9,0
110,b31022f0-770c-4798-b7cc-863bf2a03459,68,197091.98,Katieburgh,1,18012.98,6,2
111,bf780e3f-f6b7-41f7-9b74-92459b1bc895,22,111072.94,Port Loriport,3,1619.96,6,3
112,edcb8cb6-0692-4c63-9424-aed51bac5c15,24,98034.21,Barbarafurt,3,32143.67,7,1
113,32c5bd89-b70b-4420-b104-3785658b2523,45,51704.65,New Hannahbury,5,48308.21,4,3
114,4d3485c5-c5c1-4eb4-b27b-3d901a16342c,47,98403.41,Port Tonyaton,5,14151.38,3,0
115,a9597663-6daa-4e68-8861-fe1858e25888,35,178693.61,Caseymouth,2,37773.34,9,3
116,d284476c-6b88-483d-997d-c9cd033d2bce,39,25166.0,Garciastad,3,9910.15,3,2
117,75b17a55-d426-4982-a43e-4288a2b5b498,69,66503.43,South Gregory,3,44135.68,4,0
118,45241ea6-a684-4099-b729-4951859131d2,51,190651.26,Marshallshire,1,12826.45,6,3
119,3ed8c56c-da09-4fa0-9282-8d8044b591f7,53,156469.64,West Nicolebury,4,32649.24,7,3
120,9c3eb2d5-91e1-4a96-b6f7-2255c01f36bf,68,23103.79,Rogersfort,3,11858.22,3,2
121,7cd0129d-2e8d-4e87-9334-20e6d9d80b8d,60,124680.01,West Lauren,4,28120.17,5,3
122,989d9d4a-e15c-4666-8797-b2c957207246,65,119069.93,Angelahaven,3,35439.89,4,2
123,3dc98290-15ea-4b27-b0e9-12f2f2b43abf,34,61496.85,Freemanbury,2,16461.85,8,1
124,b63b4dc3-a559-4463-b9e1-3ceab0cbc61f,30,58949.24,Westtown,4,14548.48,9,2
125,6786d506-38ba-4abc-8b53-05e517d2582e,80,38094.7,West Elizabeth,2,15516.08,5,1
126,87ea7ff5-8db0-4746-b927-99735e781fd7,37,22546.71,Ronaldside,5,7202.57,0,0
127,7428a656-b3ee-4d3b-9a10-412954aebd1b,53,72584.6,Kristopherbury,2,32255.61,7,0
128,50c7c006-314d-4441-b8a6-171f1ee34dc4,73,22207.77,Lake Amandaburgh,3,24000.45,7,2
129,7bf47042-bd15-41c8-b764-fbda3108d448,29,193789.58,Jennyhaven,3,47112.12,7,0
130,19bc143e-fb02-4ebb-8872-9a4d98c7472a,70,31761.82,West Jeremy,4,4630.03,10,0
131,b540b30e-039f-4a25-8d61-68bd2defe193,27,46855.57,West Brandon,5,47507.16,1,1
132,b289f224-4ac9-478d-8da8-eee40df56ac6,25,120453.15,Lake Miranda,4,30709.56,9,1
133,0323d342-df6a-4f93-9a43-2f0a7daa39f0,67,114063.06,Taylormouth,4,45516.71,4,3
134,0d270659-f72a-4a9b-af32-751e5738811d,37,122353.3,Shelleyfort,1,30871.91,1,1
135,6694c343-10ba-48e3-9276-2bdc1d34d08e,58,57984.54,Joneston,1,8695.8,2,0
136,90164161-cfa7-41cd-a631-d00b26d794d3,28,20481.63,Christopherbury,4,34779.19,7,2
137,6a8a616f-c3b2-40d0-8edd-dfcd1e52d770,20,61665.72,Port Alexandra,3,35446.39,7,0
138,4c1f55ab-7156-49ee-a893-be3d7354ea6f,61,62016.29,Torreston,3,39603.57,10,1
139,19675f06-bd76-4e35-b5c9-b0479c10c572,45,40659.73,Lake Jason,2,32734.1,4,1
140,3d67cde9-2834-44c0-94c8-b3b4a911d192,22,30734.85,New Charles,3,30157.16,9,2
141,b07aa066-7354-45ea-a894-9b8d00af5b3a,46,42383.66,Carterbury,3,35286.95,4,3
142,b3f6fe0d-4860-4b32-b4fb-0eb949c13de7,46,34479.53,Jonesbury,1,44581.72,5,2
143,ca8f3653-c9af-48f8-83b9-da13ec856f37,19,36438.84,South Danny,5,29769.02,0,2
144,e88da719-2624-4b40-a5cb-63a2398d1ca6,54,27241.7,Margaretland,2,24054.54,10,3
145,4ebfa5c3-cae9-44a7-aa79-ea680f44704f,76,70068.18,Scottmouth,5,22358.36,7,0
146,670acc5c-b321-4f21-8dd8-eb85b04d3376,48,82632.99,Vincentfort,3,16731.85,1,1
147,0a3450fc-9918-4e46-9497-d6587010f719,39,94096.12,Navarroview,4,15122.67,6,0
148,f63fce41-3a9a-4a5e-9761-32ed069f14f1,47,35850.76,Port Emilyview,3,16840.42,6,0
149,c19ad58c-c35b-4c8c-8a4c-9f7f9384ec2b,60,176486.15,South April,4,21249.13,3,2
150,2e76128b-4735-44f9-aa83-bf007135f221,57,156159.77,Waltersfort,4,38239.54,3,2
151,5913f9d3-7852-49f4-975b-a98df8140102,53,43582.38,Cookville,3,22467.69,7,0
152,6961929e-546e-435a-a92b-d156db946570,19,195166.43,Robertsfurt,5,40166.37,2,2
153,0964fbbf-8cd3-41b0-82b0-1cfdd045dd1c,53,22461.4,Millerview,4,5567.25,1,3
154,c5c5b37a-f85e-46a1-9dad-09b252c21221,78,41143.91,Hancocktown,2,25420.4,4,2
155,764414fd-8ae7-49ed-9e8e-de0ba85c6e4a,44,170250.31,Brownhaven,4,12942.81,8,1
156,7f9d3e64-c1a6-423b-9f64-eeed5c9d927d,42,54309.87,Wolfborough,5,25903.8,2,0
157,ed7bf656-218a-4536-8c99-a894445dcc38,35,159081.52,Samuelfort,4,17653.89,8,2
158,a14923c2-f920-464c-8763-fcd01f15c7b6,70,20461.75,Lake Eric,3,42036.32,9,3
159,687213f9-8d60-4936-8380-2b708d03c91e,73,46747.18,East Victoriaville,5,24732.73,5,3
160,a5d04d53-1e12-42e3-b272-92b6762172ed,47,187913.41,South Sarah,2,49057.96,3,3
161,45ff2c83-b495-4b4e-8245-6fb44ab7706e,32,174082.34,Davenportfort,4,3138.72,7,3
162,25074181-8d1f-4540-b4ef-f5453e652603,42,197914.52,Leehaven,2,25271.1,0,1
163,dd30de89-22f2-45f2-a11b-868dbf0d073d,50,193763.65,West Kendrachester,3,43615.32,7,0
164,81fb18b3-c9a7-491f-af2a-e71357021049,51,183879.5,Loriport,1,36399.75,6,1
165,96418ced-d664-4264-8c6e-27ffb9de7a3a,22,104508.31,Grimesmouth,3,17589.5,6,0
166,551ac8ea-585a-4afa-bbfd-cc1289e06ab3,72,79141.81,Gibsonmouth,5,19620.46,5,3
167,b28f41de-fb14-4bc3-b04b-8590de9e3757,73,117382.88,New Patrick,5,4352.62,10,2
168,0b2c782a-6928-4e92-868a-152fdb23aa8c,32,154417.95,Juliefurt,4,48938.55,10,0
169,cada4f80-a9e7-42d4-bd08-b32c62d60e93,46,49945.66,South Tammie,3,45267.78,0,2
170,9716108e-f721-49bb-8096-27182051acef,68,30101.46,Mollymouth,3,19367.21,2,1
171,74f93d17-e912-44bf-86a4-bae41986b4b2,51,94169.31,Lake Douglasberg,2,9329.2,1,3
172,f81dbaa1-c812-4a8e-b830-89301327f1bc,57,142964.22,Matthewfurt,4,45728.62,2,1
173,541cdfcd-da0d-4a5f-948f-8b74a65bb1f2,47,134822.83,Finleyfort,4,13511.01,0,3
174,9e11d2cd-0930-4ef6-8a80-068ddf547e50,75,71773.7,East Crystalport,5,8740.81,7,2
175,1723199d-bf2c-44a0-ba3c-8a71ff574e2b,55,73847.76,Goodville,4,34825.36,7,2
176,4ca9cf07-b1aa-4f6a-aa96-e1e27194eae2,30,199887.24,North Markton,4,6226.01,6,2
177,6e417d47-5ff5-45ea-9bc4-40f14b1a269b,54,73257.03,East Amanda,3,2075.04,10,3
178,2e183554-cae2-4e66-ae8a-781390e0a95b,35,21457.63,East Christian,1,45620.23,7,2
179,aee1e86b-9ea5-46aa-a1ee-6c5bdeef580f,67,163794.82,South Roberta,5,40294.67,3,1
180,a34db7c5-760d-4bbb-bb70-b3a124a35cf2,57,65112.82,Stevetown,2,31784.16,10,0
181,e6b5a92c-771a-4655-8dfc-6ee0e61ede90,37,161949.89,Ericaburgh,1,29399.12,2,0
182,5876fd09-f1fa-4665-b115-33f312e89d10,76,73119.88,Daniellechester,4,9606.36,2,2
183,d865d69a-74f3-4103-8006-6ff2b0b862ef,51,110323.06,Jamesfurt,3,41693.16,4,3
184,3cb98350-1b4d-40fe-bbb3-8605da743152,79,165167.93,Armstrongshire,3,40407.39,7,0
185,4b943e30-b303-4438-be21-10d04bbe4aff,27,155747.27,Port Dominiqueview,2,43146.89,10,3
186,af908e3c-dd75-4e98-90e0-b95f0212b554,79,172234.01,New Julieport,5,18922.98,6,0
187,9b689c88-3ae9-49fe-8c82-18dac696f5e6,34,116583.02,Jefferyborough,4,19060.7,10,2
188,c16d83ed-ad81-48bd-8029-13ec9ef2b93e,55,88584.59,Lake Colton,3,6308.96,3,3
189,4f1639a0-0a17-491e-a576-9411a0a11839,19,131518.44,Johnsonstad,5,17072.31,9,1
190,e8dd5e5a-1712-4b16-a1a4-344fbb7bee03,59,31379.07,Markchester,4,45559.99,4,3
191,c958e75e-21d5-4971-b367-49b52cf6bf75,25,45159.86,Alyssaview,1,15913.86,7,0
192,e9ff1cae-41c8-4a8c-aa1f-955ad499da99,24,62264.01,Coffeyport,5,7647.54,7,2
193,cde22f1c-56b6-4afc-9ed2-55d0bf1e8366,60,190888.54,South Sydneyberg,5,21537.21,2,3
194,dc322c97-39c1-4262-b76c-8edec1101266,59,37823.89,Coffeyside,4,31166.96,4,0
195,6502d6a2-ca6a-4224-971e-16cc5da36f1b,62,86695.39,West Amandamouth,4,22790.1,3,2
196,ac1e86d8-bfbf-497b-ac3e-7b0d5e5ba13d,24,196566.99,Brendastad,3,27678.83,10,2
197,78b2b549-3bdb-409e-acc2-16a01bbc91f7,21,91665.14,New Nicoleside,2,48442.14,7,0
198,38ab854c-9c2e-48de-aa4e-361753f8382b,60,58179.05,Lake Madisonport,5,48583.57,0,2
199,23c86d30-1dde-4969-a886-13dba6348e78,33,197987.76,North Kevinfort,5,11055.07,8,1
200,e3236d1a-3c1b-4acc-98e1-93311dba1267,55,58871.24,South Shawn,2,17099.42,2,0
201,b24cc64f-be3e-4e57-b30a-9e32aba4fc03,35,174513.1,Matthewsberg,2,49388.84,8,2
202,19597b5a-a7a8-4636-aa35-df59e2aa7a5d,69,51409.48,Gilbertview,1,7458.36,5,1
203,379efc6e-5edb-4d3c-b0b6-3bcf08601833,55,78278.86,Wallacebury,2,14003.01,2,3
204,fb1e143b-196f-4dfa-9cd8-fe1adafec8a9,51,40456.88,Amystad,1,24336.05,5,0
205,30974b2b-46a0-4a9b-a5ec-7acd0f8035f5,46,110690.96,Port Madisonland,5,3124.89,10,2
206,a3b5cece-a446-4e72-b64c-911aa9ab364a,47,135801.32,North Kristinbury,1,3980.44,7,3
207,90882eaf-c977-4598-a03c-8c25fd235def,45,143497.55,North Maria,4,35907.66,7,0
208,3748967f-961d-43ba-b508-43f08de08fc2,75,34542.29,West Kim,5,8268.36,2,2
209,00b9d4a3-9892-40ac-a689-33a9c9e48e8c,57,133953.81,Micheleberg,5,35895.49,6,2
210,402adf9c-8a4b-4f7c-a147-2a15fcce96f6,47,110999.19,North Donna,4,5859.74,1,1
211,5bb5c40c-03cd-42e3-a1bd-db4106998731,45,101279.88,New Mario,2,21276.86,7,3
212,20733f6d-0d6a-45b3-83ef-20162c9b662e,44,151330.25,Foxland,3,21911.44,10,2
213,5cae9610-c72c-4fe3-b2c2-2a1679eb4168,41,191646.65,South Williamton,4,4289.53,1,0
214,ddf275eb-e8a3-4341-8881-9065ba2c98ce,45,37381.6,Stephentown,3,40776.69,8,0
215,d8e88ebb-7a9e-4eef-bfa3-61be0f9240e1,55,192192.43,Simmonsville,5,17152.65,1,3
216,718d4d05-e8e2-4743-b65f-eea97d824264,40,177249.33,North Marcberg,4,43536.52,0,2
217,9fd34579-4667-42ce-a04e-178c10d08d11,56,76240.8,Oscarhaven,1,29318.01,3,1
218,9afd4015-816b-4b9f-b426-b1934b7e6b3c,60,106794.09,Garciaville,1,18155.59,8,2
219,e0b15aba-a6a2-4967-a79b-44b6da509fed,25,157269.01,South Shannon,5,12081.8,6,0
220,d3d1bf0f-56c4-48e4-a9ef-afb13a7e8e14,56,187235.17,Rossville,3,2418.71,4,2
221,aa448259-5001-4b7b-ad40-67f450032b35,76,81168.44,Nicholasberg,1,9888.87,2,3
222,112fa612-7969-4ed2-ac48-bf55afd380c4,22,45537.44,Port Christopherchester,1,5496.13,8,1
223,5f65c8ce-bd21-4c11-be9d-61ee18b87245,42,95569.85,New Brian,3,8713.05,4,2
224,5463adc7-8fca-4b6a-8fc4-2092f4e559e5,67,189453.34,South Michaelchester,5,5162.89,0,1
225,0d2b91ef-b897-4ec5-aa74-bb18de3b496f,28,155798.46,Carolinestad,1,34024.47,4,3
226,36760ce5-81e5-49f6-93f2-77cc1a85910d,60,96322.66,Lake Timothy,5,22660.17,4,1
227,d86a6460-59a1-420e-9bb4-3332d8e7012f,66,112222.34,Dannyview,3,22065.77,4,3
228,6dda4f8d-cea6-4f4c-b9e5-8ff092f837d4,51,140083.86,New Sarahview,1,11805.4,9,0
229,b3e4110a-45f5-4c52-ae2f-bf77076979d6,18,56796.16,Sandrastad,2,38600.13,4,2
230,24ac2130-deaf-428d-ae70-983801902620,38,41597.18,Jonestown,4,37603.69,2,1
231,3712f2d1-87cd-46a1-bf01-2e32177d6e7e,42,115864.82,Barnesmouth,2,25512.85,10,2
232,b8ba8368-4fc7-4768-9ebb-cca5284bf962,22,91472.81,Kimberlyshire,1,22374.76,7,0
233,0d77c5a0-e222-46a6-95bf-be9798a21f1c,73,76350.91,East Karen,4,29096.58,10,3
234,45a88829-14e2-46e5-ac89-36bc0cbd3c03,36,40731.21,Stanleyfort,1,48343.78,2,3
235,45ee432d-6a07-4213-b129-cec79b69554d,71,144129.81,Port William,3,5318.36,1,1
236,4882d73c-1c63-45ab-ae0e-d1e8585d3f86,45,125996.83,Roseport,5,4853.71,4,2
237,fc04a168-652f-4b49-b873-e57f0ba078e8,32,79952.35,North Jamesborough,2,4742.59,10,0
238,4169b9fc-c3a0-4c6f-a321-d1e1c47104c0,51,111791.37,Marktown,3,18203.89,10,1
239,2cfa55b0-6e3f-483a-bf3c-51407f54a511,33,38504.81,South Amanda,3,10666.32,9,1
240,d556b37d-8f08-41ee-8011-316b3ae88926,66,156647.43,Charleston,1,9680.16,10,3
241,ebd14d2c-75b2-4455-84cc-3ede6fac1673,47,155800.25,Port Lawrencechester,5,22996.36,9,2
242,a3e05309-b5a1-4949-a788-420992ca525a,73,194775.15,Robertsfurt,3,8396.91,1,3
243,2bffe17b-5324-41fc-b758-dce20556daea,46,133649.32,Collierstad,3,29979.57,5,0
244,1b19d8b8-d830-4081-afcc-57dd168fae12,37,103113.65,South Brianna,1,3787.61,4,0
245,dedab027-6550-474a-9422-373f862268d1,59,175565.01,Juliebury,1,31135.41,8,3
246,138d994c-2b0a-4edd-8774-44cb5543fc3c,47,124459.29,New Williamstad,1,23036.95,9,1
247,d1a69d87-f54e-4019-ba35-844e59e1ac09,38,128901.05,East Curtis,5,8392.19,0,3
248,9a36d1ec-2c6a-4e9a-b280-67a14187222b,24,165974.03,Port Katherine,3,49136.89,1,1
249,c5d95f51-f387-41bd-ad59-72c6134a5a2f,20,64593.87,Marshallshire,4,49558.32,8,1
250,ae5ec365-72eb-4474-9458-054ec2874f06,41,87113.36,Michellemouth,3,19983.41,5,0
251,780b3657-117b-455b-b094-4bdb26a524e3,68,133559.58,Welchview,3,4229.68,1,3
252,81e0d489-5a18-42a3-8e61-4bcd97674900,36,65359.24,West Steventon,5,43790.7,5,0
253,497de16d-d4ea-420a-9e65-96540e9058b6,55,139450.18,Lake Michelleland,3,16201.36,10,3
254,626d719d-81cf-4252-9815-9d6c9d713084,26,127107.42,Carpenterton,1,16169.51,6,2
255,925817b7-cf50-4889-a8b7-7f7b7321bf6b,70,43002.88,West Cassidy,5,5579.2,10,3
256,0fd6f47e-f52d-4af2-a69e-d4c980599b93,50,85129.06,Garciamouth,3,16134.44,3,2
257,812a1f9b-1596-4802-b6dd-6257fb7d9f1c,78,157908.12,North John,2,12100.61,2,1
258,86295b5d-707d-4251-bdb1-429e7010ed13,22,73242.58,West Nathan,1,25876.8,8,0
259,c6435300-68a5-4c68-a32d-bb5e486bb6bf,60,80617.59,Erikaton,5,7421.4,6,1
260,55ab946d-a5b5-4dc2-a181-c85eca0ac6ac,28,52552.27,West Codyfurt,5,40643.14,2,3
261,da003f16-b946-4bcf-8082-cbb948bddb3e,20,93954.55,West Christopher,2,48509.84,9,2
262,598ddaec-eaaf-4543-a434-a678a9e27ba9,66,154736.57,Tammyfurt,4,12466.14,3,2
263,f020e992-b576-455e-9854-9f222102f9c9,79,165552.3,West Angelicamouth,4,45294.74,3,2
264,b3ecb951-ab8c-4f97-a0b7-1785d02ce0c1,61,190483.43,Lake Ellenhaven,4,23622.32,4,3
265,4f11d8dc-5cd3-4369-84aa-c1b75ca0c428,50,114942.76,East Matthew,2,41027.67,9,1
266,39feb99c-3127-4148-bc7c-404ec422d03e,73,65000.58,East Chris,4,43831.73,8,0
267,81f7f3fb-19e4-4c6a-89c2-3e69d82c7565,63,172260.61,Lake Matthewberg,1,14968.09,2,2
268,29890880-277d-4be9-a070-b6a198e52499,46,182955.12,Port Heather,2,41721.29,1,1
269,2a60c652-e714-4668-8f1d-7d3a9feefdff,70,101203.04,Williamsstad,3,46593.12,6,0
270,f836f571-3cce-476c-b836-c448ad261ec5,43,110361.28,Bishopmouth,2,19922.14,1,2
271,4f3949a8-3d3a-4582-88b4-f4743be79df4,32,25073.76,Mckeeborough,1,42119.64,10,2
272,92070158-f277-4f63-ada5-84175e2ad32d,68,46288.88,Murrayport,1,15057.09,7,1
273,87079ad4-80be-4e35-a1c2-645ac7332304,66,146996.51,Burchborough,4,31152.06,1,0
274,df7d0dd7-236e-4608-9acb-394acd1f5318,34,58817.85,Brettfort,2,27891.41,9,3
275,ef2ddcc4-8df6-41da-9f07-c1a5dfc620ce,25,159711.07,Lake Meghanville,2,15756.41,0,1
276,290a3abb-c35b-4fea-9578-d70948f9e3d0,44,135011.31,Shannonhaven,5,23398.57,1,3
277,177a8a5f-6ffe-43b3-94bf-7a4b25b8a42f,56,116489.68,Port Shannon,5,29177.33,2,2
278,6a36af18-06d3-4b93-ae33-688d597e6845,45,20281.58,South Waynebury,3,12787.65,6,1
279,5ffa46ef-14e4-480c-be99-36a362dbc850,60,140278.68,North Lucas,5,48758.07,1,0
280,a663d2cd-b6f6-4bf1-96d4-41cc195d82f8,42,177199.66,Laceyberg,1,32147.87,5,2
281,d46b415d-eada-49a3-8970-ed9a09ce3cfb,65,22923.6,Hortonberg,1,17895.32,10,0
282,72d78bdd-7817-49ff-b49e-04ccc24369e7,67,124742.6,North Andrewborough,3,7537.07,5,2
283,f0b2a5d1-8c7e-4f42-a646-eaf9d5c0244d,70,135703.21,Rodriguezport,4,49060.14,7,1
284,0c394ec7-1f31-4405-8d18-3eba3cd5fd7f,69,44273.46,South Danielle,4,2812.21,3,0
285,1c612ec2-1014-4131-b505-65f59f708368,68,55904.57,Carlsontown,1,16464.2,4,3
286,3defa849-9336-4f7e-83ef-a9f3a1c7cc8a,70,117745.53,West Ruben,3,2794.42,10,1
287,92170475-3d95-4e3f-9a52-26e69d642932,36,84255.35,Lopezland,1,43424.12,5,2
288,11536e99-5c50-4720-b982-f4e08603156a,25,163881.63,South Morganton,4,44584.84,7,3
289,5f90bed6-fb25-464d-a30a-a767a2bb522b,39,195270.25,Juliestad,4,34911.36,5,2
290,3dba6da8-5844-49fc-914b-9547c9dc72b8,69,34870.07,Port Bonniemouth,4,4867.42,9,1
291,8bc78e81-5a30-4528-8b59-95622227219f,52,72877.96,Lisaburgh,1,4923.38,10,2
292,76f186ab-af47-4b49-8775-e395d49405f0,37,100264.84,Welchberg,4,9165.59,7,2
293,f1901b7e-c6b4-49ef-b74e-ba9310275b53,46,27623.93,Johnsonborough,3,31127.72,6,2
294,e2c328aa-3310-4475-8a86-22250b36e356,58,196404.91,West Sarahhaven,1,4677.02,10,3
295,8b040f49-d0be-43ee-bd37-253965f202f9,41,112355.48,Kingborough,2,47686.68,2,3
296,c7e53bbb-dcb5-4c53-9b62-a8df493e904d,20,42721.4,Port Dianaview,2,39147.25,5,2
297,6fdc0bad-5e36-4127-8ca1-b45c1fdd980a,42,190904.08,Paulfurt,1,30649.65,10,3
298,7f072cb9-2fd3-40c0-b945-f2fd56cb1ab0,78,86773.61,Richardsonhaven,4,38391.14,9,1
299,ba220065-1526-4718-8d18-0a824447ceab,51,86050.99,Millerburgh,3,32828.48,3,0
300,1a43db54-523a-4993-8b34-46bc8ba435cc,19,152421.47,West Donnaport,4,26369.52,8,0
301,6d15f16f-b7b8-41a5-9a45-693d7227890e,34,159493.61,Lake Scott,4,11513.95,9,2
302,debac186-ba10-4217-8ad7-c9a2727716ec,62,184966.2,Christinachester,4,10808.74,2,0
303,ca9e4a62-fae3-414b-a3b4-42bd46494296,46,51078.15,North Emilyfurt,4,49865.86,10,2
304,bff9507d-cd14-403e-8359-9af65d01f55f,60,82536.55,North Douglas,1,27949.86,4,2
305,702c1821-c804-4fb7-ad97-3b679b89e5cb,72,48350.94,East Carlosstad,2,39891.12,8,1
306,9136f1f8-f310-46dc-a202-bee65cb5e69c,25,197323.86,New Ericmouth,2,12600.07,7,0
307,71a6014c-5f3c-44dc-9ef7-87b8f2e6195f,41,119723.86,New Devinstad,3,23902.89,8,1
308,4758367b-a649-4cdc-907b-907265e58f34,57,179164.36,North Anthony,1,16155.25,7,3
309,63119aca-848a-4440-bfc1-58582fa0d842,67,93698.03,West Kimberlymouth,5,4613.78,5,0
310,491b90e9-9ca3-4bb3-bf11-c8ba36ee1640,46,103849.98,Gonzalezberg,5,17881.22,8,1
311,2c33350c-73b9-41d8-92f5-131ada52d2ee,67,193927.63,Osbornmouth,4,25640.33,0,0
312,109fd8ee-b5a4-4200-98f0-dd23aaf78c67,51,47542.78,Patriciaburgh,2,8936.38,3,2
313,b34191b8-ed65-42b4-b5a5-f8e6b6391f04,78,189362.73,Port Michael,3,42450.75,4,1
314,3373730e-fc31-4597-9f11-9c0f3967e60a,58,192143.29,East Kristy,3,7133.34,4,0
315,9280c5aa-8dd4-495b-9c63-b6f306ba8cd3,50,135377.74,Tannerside,5,47138.74,2,1
316,161237c9-e25d-49a8-9ca8-a5c42138afe0,60,132406.25,West Raymondfort,5,17543.36,9,0
317,68d0a2a8-c4e7-47dd-a929-de738693fd9d,70,175480.61,East Teresaland,1,3227.63,10,2
318,8471b4b0-ae1b-4f69-b740-d83173318749,59,57945.51,Davidside,5,21412.75,10,0
319,c48d5650-2e95-42d6-9679-2482a3c988e4,49,180019.44,South Wesley,5,15193.91,4,3
320,1fc905f8-d4d6-4735-8e2f-8958de431e06,33,164843.87,West Fred,4,15574.26,1,0
321,39b86bb2-b596-4a7c-af4a-fa885299e505,28,99128.99,Staceyhaven,4,23757.67,5,1
322,143029a9-d88f-4c94-88b7-63d5e519dd7e,38,175067.31,Jamesside,3,36975.79,5,3
323,4d85e9c7-a001-4720-a00b-290346426c45,26,156919.7,New Danielleshire,5,28520.91,5,1
324,2bd3cdcd-2779-4685-94a5-3fdef10d27c8,47,42053.94,Meganshire,4,13148.03,1,0
325,07437c3b-dd20-43bf-9342-af080a8bb5b4,36,190169.28,North Stacyshire,5,21488.6,2,2
326,c4576cc3-35f7-49bc-a6b0-745843c07d43,77,123983.67,Montgomerytown,3,10301.87,2,3
327,8baaf744-a08d-421b-a395-4cb17f7f6c0a,50,104026.72,Dawnport,3,25371.14,1,3
328,ceae71cf-ce00-4af0-beb0-51817ba24588,50,102301.52,Evansland,2,11542.08,5,0
329,7089fc6d-2877-45d9-8f56-75f8b048faa1,21,70644.14,Washingtonborough,5,44234.63,10,3
330,5005680f-24c7-48a5-9b4e-164b5716dc2e,36,116604.33,Jessicastad,1,22115.46,4,2
331,c2baf0e0-2179-43f0-a612-4ab4f9b21e6e,66,92585.73,Zacharyville,1,20628.5,9,1
332,1f5d988f-776a-4f09-bde2-885951b1943c,41,119580.13,Shannonberg,1,19931.09,7,2
333,f204be89-4a4b-4563-8cf4-77ef18c8a616,70,198036.33,Linchester,5,6821.74,1,3
334,e6fdd7af-dd84-4acc-b672-94643f8ea40a,41,163081.5,Port Mark,3,28333.76,5,1
335,3098f7b2-500e-45c0-b89b-df7f93e34c35,30,128443.33,South Wendy,4,25503.82,0,0
336,4efc8248-e10b-4a47-bfae-b7487781321e,26,148446.53,Johnsonfurt,4,26447.3,2,1
337,3da06476-f778-4676-b50d-112e8164ceec,38,187646.37,New Michael,3,8962.6,9,2
338,98f6fd7f-7eb1-42f1-8806-f8040cf0374c,55,80547.22,Mitchelltown,5,27084.65,9,2
339,22498f66-6e51-484d-9b84-edc3d8e049de,48,166834.79,Jessicafurt,3,17230.74,1,3
340,0d18ab95-668c-4477-8b95-017c5dae1201,55,75382.01,West Angela,1,30248.57,4,1
341,734a6ca3-8116-43fc-a2e7-c1a612d2fa06,64,29243.93,Marciaville,4,9355.09,10,3
342,64d6dfbf-18c0-4e2b-b99f-070420f0156a,27,167899.03,Lauramouth,2,2546.96,1,1
343,c14565c7-5d98-4115-b05e-eefe8ece1128,19,99386.94,East Carrie,4,8420.13,3,3
344,0b990034-0a4e-4552-8005-1b1066c14dca,50,159495.01,East Jenniferfort,4,43768.07,0,1
345,9b33e3a4-2620-49a9-b4fd-33d184f2fd0f,51,57321.51,West Sarah,3,49908.02,7,3
346,fd98fe33-6498-4be9-a999-bbef518b2f21,38,192203.39,Brittneyhaven,4,45694.08,5,2
347,7d66971e-8847-4c56-827c-9f8cd40ac5e9,61,158958.16,Thomastown,3,30893.75,3,1
348,1c0f0bdc-ac7e-437c-94cc-1e2a5e4cb287,35,120455.6,Silvatown,2,47132.79,4,2
349,f791f1e5-43f9-4d6b-b97e-be8798cf1188,63,57310.0,Lake Brett,4,16535.0,5,2
350,a107cc46-8634-4718-aba6-adb37afeb114,36,41937.34,Hernandezbury,5,19605.02,6,2
351,b35556a5-f2bd-42f2-9293-f70508150147,79,159151.58,East Andrewmouth,2,15232.18,4,0
352,b0c4a01c-69b7-40fa-a6c4-32f66b352f85,40,186321.73,South Warren,3,37619.59,3,1
353,df70fb2a-78bb-42a5-aba7-42d29c89d374,70,116944.03,Lake Devinborough,5,35112.39,2,0
354,a987b218-ff84-4aef-9336-723b8f964685,57,153360.38,Foxmouth,2,12880.44,10,1
355,e980f808-75ac-424c-ac55-aef7f4e95734,58,61910.58,Amyview,1,21251.77,7,0
356,f5141058-3138-4975-bbf3-3a349c2dfa97,61,158737.89,West Angela,1,48261.42,2,3
357,fb756923-f910-4bb3-b105-32523990e2c9,59,188305.78,Kellieborough,4,24394.98,3,2
358,5129950d-7d2f-4e58-b47a-1c5bb0b39015,38,71374.76,Baileyview,1,45488.91,1,1
359,ad371d9e-92cf-4021-9f33-242d49ac9087,52,152963.57,Huangfurt,1,45748.26,2,3
360,c5e78b23-f461-4f09-985a-befbd1812f77,74,170768.88,West Bobby,1,49861.42,6,3
361,58ab4778-143b-45e3-b6d1-f6bbf48f709c,29,188589.57,Douglasfort,3,43960.42,0,2
362,89e03e22-d3f4-449b-b3ba-ba8836c7d6fa,54,128500.93,Sarahview,3,14943.52,10,3
363,bdab07e7-9d9d-428e-9bf6-45f623245211,74,188940.89,East Brent,5,23933.02,3,0
364,a35055e4-39c5-4df9-87f2-55d6e7ba26ac,39,49248.97,North Craig,4,32765.98,2,0
365,19bd4f93-78ef-4666-b7a4-c719548e1f6b,65,80680.19,North Tamara,3,28821.28,3,1
366,682b163a-286e-4390-add9-7a1afa585b27,57,174106.37,Woodsborough,4,41522.5,8,2
367,52380bf2-4988-4418-b6c3-1218c1836315,23,92149.98,Debbieland,1,10054.28,2,3
368,88ffbd40-3b72-486d-92fa-675fa6fd0cb1,38,188448.57,East Robertburgh,1,13778.48,3,3
369,ff46a6bf-094d-416d-ab6d-2fedef158d5b,66,68058.98,Frenchburgh,3,15795.35,9,0
370,df4e713e-f64e-4dfc-bfbe-ac7aefc59738,34,137663.01,Nancytown,2,4044.09,1,3
371,1b780ede-9a4f-4c0c-9165-f2ed4c636e95,37,48749.03,Justinside,5,46232.19,4,0
372,f0458043-e3a6-4a70-be71-0b558639bd41,58,184903.47,Port William,3,19009.65,3,1
373,1cd66b09-cf0e-4d2b-b15c-167a45d8a6ad,79,44042.38,Franciscomouth,2,23293.95,9,2
374,2faabe0b-b7f6-4cdf-81dc-1c60a5f60735,44,146349.33,Lake Matthewport,4,38110.18,10,1
375,317304b5-c1dd-484a-aca5-8d95915a1c30,66,64543.78,New Melissa,5,43783.62,1,3
376,6d7df5d0-d3b5-4af7-a7ce-378fe5a4983b,51,146677.9,Christopherville,1,45944.99,1,0
377,7a3a6e96-23ff-43d3-bb4f-b88a2f4dd219,71,118576.86,Sharitown,5,10905.68,8,1
378,725d4259-3c4b-4eec-a231-ee7342c2d2eb,28,79061.17,Stephanieport,5,22650.19,10,1
379,02ed73ce-92a8-4713-b90e-d44b951c25d5,63,124966.58,Desireebury,1,45045.58,7,0
380,77242041-1e43-4bd2-aaf4-07f70fe76149,47,43749.98,Erikhaven,4,23383.13,0,3
381,b41c504f-e346-4415-a526-7a2bec50ace4,61,165244.76,Hannahport,1,20401.49,0,1
382,3818cfd3-3889-436a-9d58-17e85e175b66,55,33145.31,South Eric,4,17881.91,1,0
383,5fa5e0aa-9b11-4530-bd24-7c11bf6b8cdf,77,180959.32,Milesfort,4,2555.01,6,1
384,aa0217d0-cd4f-4b2b-899a-c252c1e1b94a,67,44377.2,Port John,4,19348.59,6,3
385,c9912032-df85-4777-9887-4bfec1369c65,73,185080.71,New Seanstad,4,19406.63,10,1
386,1cb9b73a-906d-4c8c-aad0-8c8913fe8a29,59,174851.58,Port Amyhaven,1,9745.21,8,3
387,265cb9d9-8962-4f6e-929c-93b333c08bf1,51,42922.48,West Melissa,2,41906.26,0,2
388,3495311e-ae27-4432-9dc1-e7eb711c7673,47,141229.97,Davishaven,5,21782.27,6,1
389,741423b5-0e3e-45f2-8f06-71c7720b274b,33,102912.55,New Robert,2,14506.84,1,0
390,765e6cb5-8f0d-4540-8ec7-d662905c7bdd,69,138835.58,Jenniferfurt,5,38536.62,0,1
391,beed0af9-00c5-4f30-9103-142441241bb4,31,32112.36,New Charles,5,2645.24,9,0
392,105291d3-b34c-4c73-9833-0b306c776e95,33,153297.39,North Valeriefort,4,22509.18,8,1
393,2e13418d-68ab-40ea-897e-c6d1081fc6dc,66,175471.44,Port Darlene,1,7866.64,4,1
394,6b9cd71c-f6ba-445b-a558-71e3bab2b77d,70,184951.47,Victoriafurt,5,16626.28,9,2
395,e821e716-eac8-4da1-9e9f-6f5b72d35458,33,74317.6,Bennettside,2,49299.08,8,1
396,59077299-dc3b-4dd8-a74e-02a9220b9ea9,44,74090.17,East Victoriafurt,1,28279.19,9,1
397,fa8dae42-ba54-4920-a099-d18087623997,58,142175.02,Port Adam,5,25285.42,5,3
398,76876c62-4c61-445e-ba7e-5d9405d1fb63,68,114403.35,Patelbury,4,21004.7,4,3
399,27b608dc-589d-4cb0-b5eb-89c23f5cf2f3,29,155794.9,Jacobville,4,12807.44,3,2
400,6b535a19-a902-473f-8f39-f648083f64c3,72,147363.82,East Jamieville,4,45822.32,8,3
401,99086e47-7249-462c-8898-7462980cb95c,79,94971.42,East Joyfurt,5,7570.54,3,2
402,379ef467-8a2d-42e6-bbfd-a8a6705fddf5,31,79447.34,East Williamport,1,46189.08,5,0
403,bb44badc-ea98-4ef8-90d7-5e373bf2025f,52,150425.25,Barbaramouth,2,3525.29,6,0
404,24acb722-e052-4739-8d40-6f1b3ca5be29,73,33101.18,South Kevin,5,36490.96,8,1
405,97777f10-f2d2-493f-8e85-140d0f9aeb70,48,57600.04,Lake Erika,3,15856.21,0,1
406,f8e8035b-0c00-488a-bee1-011a8e4c3ab5,77,54204.27,Shellyfurt,1,37597.08,7,1
407,b2414482-5198-44d8-8643-3603c92a7d7c,62,128792.28,Russellport,2,20434.97,3,2
408,89b5aab0-c121-49db-af12-b150605fb1eb,67,70950.66,Allenbury,4,27148.86,5,2
409,24f43c62-b523-40de-9b87-d29c4cfd0fc1,34,84736.03,Melendezside,4,23834.2,7,2
410,8eaa5841-6aa0-426d-b7c0-d5f769a53b4f,76,56562.95,South John,3,21282.58,9,1
411,143df5b3-a58e-43dd-948c-1d84340de049,65,46266.09,Booneland,3,28112.27,9,3
412,30c36756-d453-4867-b97e-6224891f6912,36,47434.05,West Nicholaston,3,12270.91,9,1
413,cdfd9531-302b-4831-92a1-fe7ddfa59722,49,119115.66,South Jason,3,13609.01,7,3
414,f4ff3f3a-4d9d-4aeb-953d-2625e8334da5,47,50282.06,East Sharonville,3,9294.02,8,3
415,7a9a8ef5-c11b-41c4-bfe3-f366bf337a15,29,185041.89,Lake Cassandra,5,49525.85,0,0
416,3d44cb2c-ea45-4a41-a589-ada1345af934,71,172405.53,Kimberlyfurt,1,38452.6,6,1
417,5bf86f3c-a612-4a1c-889d-4b76775c30b5,71,133526.3,Josehaven,1,35651.31,0,1
418,193e638d-774c-4afa-bf4d-908ce1fff6c0,50,102081.74,Gillmouth,1,31273.93,10,3
419,501ba851-5ee6-4495-b400-29c3ea11905b,60,107813.79,Williamsbury,1,27078.41,6,0
420,42c21797-0426-4cc9-a55b-30e2bdc2b74b,19,115295.18,Phillipsborough,3,27251.17,4,0
421,91ddb9bf-613d-4de9-bae2-802354720d2d,50,166368.3,South Andrea,4,40502.22,2,0
422,41e02a89-566a-4ce7-af52-1b94f186e47a,76,37336.5,Levyfort,2,12807.47,9,2
423,cb8383f2-bb96-4602-ab11-5c3675f8e3a8,70,83799.4,Garyside,4,4871.94,6,3
424,e3ad64d4-eab9-4b02-af1d-c1217d024c6d,54,63777.42,New Arthurland,2,15698.76,1,0
425,0c6b7074-ab10-4c9b-9168-2e09f1f7d904,23,92950.09,South Derrickbury,4,28082.37,0,0
426,02571851-26a9-4100-b509-109b116658ce,62,50849.04,New Stephen,4,42421.16,10,2
427,aab07015-a342-4e50-9e2a-73240f79a8a7,54,195919.26,Hopkinstown,1,44844.77,0,1
428,694d7b00-8d38-4327-883f-13c601b158e9,31,182229.13,North Alyssaview,5,24299.51,0,0
429,0463750e-4964-4b96-ba3c-1628892621df,61,186605.27,Drakeburgh,5,28611.98,0,1
430,863e1f2a-18a8-46ef-ab05-3fc41b656dab,77,173076.97,East James,1,48111.99,9,1
431,5abca6e5-d0b1-43eb-809e-7a8086c5d1d6,66,167724.33,Lauraland,4,46514.87,4,1
432,7580e050-67f1-498c-b594-8a545f804eeb,54,63284.99,Lake Jeremiah,4,34174.71,8,2
433,14a34f7f-d90d-419b-93fb-e043af1d5a1a,42,156009.67,North Richardfurt,2,39734.41,1,2
434,a301ec03-0e5d-4c6a-b9db-78628d7dd772,21,37583.44,Lake Georgefort,2,42095.06,5,3
435,c8cce2c2-a518-4418-af14-b3f6d867888b,80,159239.88,Arielville,1,32072.02,7,3
436,0ae4ac11-eb4d-4f42-8735-70a2e5110961,32,84046.02,East Rachel,4,22160.55,10,3
437,79ba630a-9118-4400-a336-c243b139c476,23,158990.13,Brandonland,3,40104.7,1,0
438,e63949d4-47c6-4688-acf3-2053af36b8cc,35,47759.77,East Sarahmouth,2,37243.11,5,2
439,9647ff9f-3508-407a-b622-d84204022b3c,24,36473.68,Port Lori,3,22792.06,4,0
440,13b22cec-edca-4f94-a5f6-ba53d226a8b3,26,35713.5,Franciscobury,4,22993.34,8,3
441,639fc471-d975-4f00-95ab-a8ae9112fbc0,24,24727.14,Patrickberg,3,28156.77,9,2
442,b962c8a7-b076-47dc-bd0c-e433ca5e151b,73,89342.83,New Juliestad,3,21276.69,1,1
443,3b6dca0d-6fe5-440b-9901-ef870dbf0caf,54,113798.82,West Cassiefurt,4,9305.59,4,2
444,07958c1f-538d-4b8c-8607-b1e9f80b2cea,35,108762.31,Kristenmouth,1,9193.16,4,3
445,8d93e14a-5b16-4158-ba67-470c7d98302f,37,107161.64,Reynoldsshire,1,18695.12,3,3
446,c5acc354-15f0-4cb4-a14c-721da921cb4c,56,131000.38,Laurenland,4,6241.65,4,0
447,6147adeb-277b-4667-8499-d0a615007170,78,91224.56,Lake Peter,5,19614.61,5,3
448,01547950-176d-421f-9b46-ebdc5c56d9bc,39,97510.92,Seanview,5,7670.1,5,1
449,2ff8e87e-1659-4c89-a1eb-faa91a2bd69c,48,76552.99,Coleside,4,48467.54,4,3
450,06b919aa-1a71-47c7-a875-9545832f52c4,79,123658.27,West Angelamouth,2,16968.43,4,3
451,4ab6821c-0328-4136-a29e-f3d8dd1ca267,41,40499.81,Hughesland,5,10790.2,8,1
452,e7bbaefc-8f3d-497f-a6b0-da0ab98f5dbe,61,158171.22,New Adriana,1,47697.23,7,1
453,238b05b7-2b64-477c-a177-a771af70de70,46,163583.39,Kevinfort,1,41129.31,6,3
454,6f46f1b1-2ace-4aa9-9032-46b3255bfc1c,26,134000.49,Robertfort,2,13381.4,2,3
455,406f64d6-5c72-4ebd-93b1-1e59c85cd714,68,87858.35,Lake Colleen,4,49544.33,7,3
456,75366b9f-320f-42c0-9dde-01889803b22e,52,111190.28,East Kevinfurt,4,27638.61,5,0
457,614077d3-9ec4-4a48-9773-f98d550c2fe9,24,158411.73,Scottchester,3,9150.59,9,0
458,a6aa59e5-dc08-4f29-92d3-3488d0c30018,54,197049.48,West Malik,4,48373.75,5,3
459,7aa061e9-336b-40cb-b1fe-ad13f280df1d,24,21898.6,Gregoryfurt,3,11878.05,8,1
460,bc20b9f2-4a9c-489e-91b3-0182f7fe604f,46,87341.52,Faulknerbury,4,38844.77,9,1
461,d105c8d6-47c1-4017-a045-2909536d47d7,40,199586.49,Diazshire,4,6122.92,6,0
462,8bae591e-ff4c-410f-979c-30cf33261887,25,169637.19,Lake Katrina,2,18068.1,5,3
463,762cdfbc-ba2a-47ba-b3f8-1c3106e3f949,68,57236.12,South Lauren,4,18066.71,1,3
464,d1a7ba20-11b4-41e9-b15d-a72dd4cee27c,64,145417.39,Chambersberg,3,4291.54,0,0
465,40afbf3f-3df5-4967-8d86-70bda2224f96,19,172852.4,Lake Rodney,1,34179.83,2,1
466,fd9e8e20-72f6-4958-92ef-61016082786f,51,51401.58,Aguilarside,2,17218.49,6,3
467,dea050c6-eb9e-4274-ac6a-37ad81b15db9,32,163596.04,Stephensstad,2,10132.96,10,3
468,8972abbd-cff2-41c4-a53f-9644b39e4df2,43,25254.61,North Kaylastad,5,44271.77,7,3
469,0b570720-9cd8-458b-a5a1-c8252a9528c3,42,20801.01,Rasmussenmouth,2,11083.44,1,0
470,1b1f2eb1-6e32-45a8-8bd5-cc86f73936e9,69,176956.28,North Jonathanhaven,2,18923.86,3,3
471,949cd8d4-8ed8-480d-84cf-ee39bf31c29f,25,67223.61,South Neil,4,26858.04,10,2
472,96add4df-adf7-4924-85b8-386b768b4f7e,56,89955.07,West Whitney,4,29763.23,5,2
473,6a7d5d96-4ba1-4233-9ac3-bf317b96e2d1,72,102414.91,North Marieberg,2,40873.17,4,0
474,7490adeb-57d3-47d3-8fd8-0bbb592c1107,61,44110.6,New Timothy,1,12690.06,1,1
475,b8d49848-702b-449f-98fd-d2b979e5c9aa,41,144818.58,Floresport,5,20034.7,9,1
476,1d763a66-b5f5-4cb0-8f68-58780b705933,54,89067.79,Port Matthewville,2,24846.84,8,1
477,ee0f65a8-2a13-4c1f-8cd0-15c1ad5900dd,53,50035.79,New Greg,3,7874.53,5,3
478,6d268b37-8f52-42d3-94bb-bcf828fea761,57,29650.03,Hallfurt,3,47640.26,7,1
479,a3f66c61-2fb7-4dab-af38-3b43a137f8e4,30,166738.87,Fosterborough,5,25766.46,7,3
480,638abdf6-6df7-4cd3-979a-a0517317591a,61,108510.66,Lake Jasonview,4,24946.28,1,0
481,cbc72f1a-cf08-4a54-b429-9924c0986750,68,156990.19,New Cristianside,3,2602.06,3,2
482,327375bf-5373-4f4d-9da4-9cb92fdc9992,28,160533.24,Wilsonfort,5,37383.39,7,0
483,503b4078-a39c-4ec6-b746-4c02871854c1,54,40557.2,Carrshire,5,41340.86,5,0
484,d873dad9-5a1b-4f0e-9911-96dc1d3e503a,66,149416.44,Williamsonport,5,11708.55,6,0
485,15b24e1d-9715-4633-9d4e-db71eb2ec80e,65,169412.73,West David,2,15587.74,0,3
486,5f90fc87-2edc-417e-9df0-5d184e2d6255,34,82743.86,New Paul,1,22514.43,1,1
487,623ad0fc-9326-4d25-a34b-456298af5cca,31,165926.49,Lopezside,5,34767.55,9,3
488,ee4205ee-a52f-43ec-ab4e-2281b184d1fc,28,130907.22,New Garrett,2,40862.96,0,2
489,508850d3-2fe5-4140-a3ea-795649f1137d,52,70595.3,Harveystad,5,9250.49,4,2
490,22f3f068-7c0f-449d-8274-0f73f3abea0d,54,68121.75,Port Patrick,5,49288.93,10,0
491,7eb6581e-a72f-447d-8164-62cb8fc3d7d3,26,193298.96,Cohenchester,4,46019.67,4,1
492,7d1b695e-71a0-449d-9703-262fb5cbe3f5,62,175894.18,North Ariana,2,8165.93,5,1
493,4ac66780-3874-4f3c-82d4-9b56cbbed980,66,171840.02,West Jeffreyport,4,24983.48,9,2
494,90ce77e9-7513-43b9-87de-96ea2b0fbe44,58,94560.52,Dunnville,4,4700.3,1,3
495,c66dceb3-4494-4e09-9d3c-a5a4929d6377,50,154964.43,Amberton,3,23280.09,7,2
496,8bddcee3-70fd-4672-b80f-16c5c28fa16b,55,20445.16,South Curtis,1,36815.66,7,2
497,3f5e3b8c-c058-4da5-a757-075bd47f83b1,72,31399.52,Nancyton,5,20488.08,6,1
498,dcb91d5f-593c-472b-8347-dbca7321a8b2,49,68336.63,South Michelleville,3,17550.0,9,1
499,35ba9357-3ca8-4f31-8fd7-f3b9c68fcba5,54,173436.06,Michellechester,3,44813.58,0,0
500,c8ebe27a-23a4-470e-9dbc-15c02a7dc57c,24,132712.31,Port Jamie,4,1797.79,2,3
501,88438de2-59cf-4b0d-91f0-647d0f321333,47,20121.67,Candiceburgh,4,10913.59,2,2
502,4aea1b8f-b43c-4e0a-ba9f-c10e52daf681,28,177396.21,Ashleyhaven,3,5573.66,5,2
503,d0afb235-ade6-4f51-a670-93a0fc48f615,23,86931.88,East Sydneychester,2,3537.58,10,2
504,46feacd4-fe13-43cd-8f2d-5c15eb346d3a,64,145899.45,Lake Michelle,2,22032.32,1,0
505,5274ee11-b61d-4906-a570-35db3fead90a,18,58415.81,Port Megan,1,7502.29,3,3
506,93d228d4-2465-4c39-bd4d-2add64880945,18,21451.26,Courtneyfurt,3,41038.34,6,1
507,cb6ad0c7-a235-4dd4-9355-08d073b5bad5,48,32749.09,South Zacharyview,4,5377.22,1,0
508,5e7b72c8-e097-4edb-afb3-b939b1d81887,38,86161.1,Clementsmouth,3,7719.34,2,1
509,c62dbaea-de70-4d30-80a2-136794fb09f0,22,115491.49,Lake Teresastad,1,30905.64,2,3
510,88d00abd-cbb1-4c79-9036-708dd9a09007,40,150037.76,Robinsonchester,2,46074.81,9,3
511,44bed486-7ea5-4387-b63b-e5cbd3293724,73,59104.04,Mariamouth,1,7860.64,1,3
512,90eeb067-216e-4fe5-93f3-75968c1c8b05,40,193384.77,Kramerton,3,39762.76,3,2
513,c8acffcf-a04d-4d14-997d-bae10bc2ea72,59,35164.77,Smithburgh,5,30448.95,9,2
514,fde91c42-002c-4c22-b4de-5f7070f81dba,67,189430.26,Harrisberg,1,42546.71,10,2
515,28b2bf21-4d47-4ed6-a666-3769e1d46f82,31,113194.84,Clarencestad,5,10243.68,6,2
516,aa1d3fc6-5f31-473d-9519-830c40198303,59,29822.44,North Randy,2,25249.5,1,1
517,c156e501-b30e-46e8-b9da-5f8c4e35da80,49,134854.82,South Diana,1,26886.04,0,2
518,36a2c52b-0047-4139-985d-f528b4258e19,77,76965.08,Millershire,4,43179.89,9,3
519,71efe72a-ae13-491e-84fa-4c7239e7a4f1,41,118344.12,North Heatherville,2,38373.57,1,0
520,b1ac040d-6c1c-4405-9c3f-42e0fcf7b842,55,32155.86,South Chad,3,11571.4,0,3
521,ce532ffd-bb13-4f02-96de-66c96210def6,50,71567.8,North Lawrenceport,5,38588.39,6,3
522,d038e153-c601-418b-a1fa-01ba231ae7c7,23,135296.71,Lake Victoria,5,31186.31,4,0
523,9033da65-87cf-43fd-9183-6c4f249204c7,37,34223.88,New Debramouth,2,48741.36,2,2
524,a0c9da72-368a-4d40-b8f1-4e3c59e7703a,43,125558.69,South Christina,1,16198.31,6,1
525,16312fc6-379d-48f9-9c26-8108714011a1,21,64006.36,East Karenshire,4,6683.34,9,0
526,f69777a1-59fe-4d53-a24f-ea4bbae1e137,37,139894.32,Edwardsberg,2,6852.71,2,0
527,159152f2-a505-4a9c-86e7-5a2c3f6eed9d,28,109354.33,New Carolyn,3,26627.26,4,1
528,c76a8e0f-48f0-41f0-9b8b-38aeb89f3a92,41,42847.51,Port Melanieport,3,36913.86,1,0
529,82701238-9b5f-4f39-848b-34f034981735,39,165279.41,Lake Peter,3,26668.86,4,0
530,e5dd98f1-c8a7-48ab-8df8-3e12a56b61e0,49,101935.6,South Paul,3,3716.52,9,1
531,980bc81e-a359-4d1f-bfe4-a42e3db788a6,41,48315.8,New Pamelatown,1,44819.15,10,0
532,51045a16-ef15-4b72-9c70-ee97fca45567,32,153340.39,South Michelle,1,3157.86,0,1
533,8bde005b-5d8b-4bd7-abbd-b66f91816091,20,104917.63,Port Thomas,4,46091.1,2,0
534,0445c1a8-12af-47e4-8536-c66efcc4091b,53,164560.79,North Joseton,4,12001.25,3,3
535,ca0ee8c4-f2dc-412b-8f7a-e302ec2e2815,76,149651.83,Hunterhaven,3,41473.85,9,2
536,b3a9dcaa-6c6f-4d2e-aa59-c043c4615234,25,110367.37,Millerside,1,9787.87,8,0
537,4708203b-2716-40c1-9db5-428389a3c811,79,92166.47,West Christianborough,4,43435.58,4,2
538,8950ddd6-27c6-4bb1-8edd-069df96c9a0a,23,119556.45,Peterland,1,19077.05,4,2
539,bade8d5d-6fff-45cc-b2dc-6c344f67448e,65,132089.15,North John,4,19045.41,7,1
540,74102d5d-1db1-4bfc-af3a-5115ecb4678c,64,182079.79,West Elizabethburgh,2,8377.75,6,0
541,23204ff5-b538-496c-833e-02f71e93d127,32,117478.14,East Tylerstad,1,47598.52,0,3
542,d28fcf68-c871-47b3-8468-b74d85e3ade5,72,152854.88,Garyberg,3,6093.5,8,1
543,44cdbfdd-df9b-441e-87f7-bda1bff15840,44,108565.2,Port Rachelmouth,1,48655.4,2,2
544,861b4f5b-45a0-4539-ade8-370ace9e9ebd,23,27902.05,West Jennifershire,2,44967.09,8,3
545,7487d772-7f03-46fa-93ba-dc91a0a5fde6,62,181204.03,Brianshire,4,48753.18,1,0
546,414f4994-2845-4780-9e20-c9572ab8bd33,50,44032.49,New Emilyville,4,4666.69,9,0
547,00a85473-8242-4912-bda3-c1623a78b64a,45,139239.91,Port Michellebury,2,12601.82,4,2
548,620af158-5d2d-404f-b8c5-90730bc57207,77,164147.03,East Sarah,3,16584.83,4,1
549,cd98f9e2-8d88-4beb-890d-9655db842660,22,189839.84,Walkerbury,2,39216.91,9,0
550,51e744e4-b864-4a08-aa75-752d6a8fcacb,27,39018.4,Margaretshire,4,23836.7,6,0
551,ac5f12ef-8085-4147-9e91-0f365f705b25,52,84491.74,East Jeffreyhaven,2,23143.94,7,2
552,66a302d6-f43e-4c48-8bc1-f9e5fb3df063,72,41584.44,South Michelleport,2,40572.25,4,0
553,74ed5145-8d97-45c7-961d-5c8753c9fe59,31,170466.46,West Jamesshire,3,8267.87,3,2
554,9f6a6a65-bd54-4a04-8dcd-0009c8d57717,43,112422.74,South Micheal,3,13748.17,2,0
555,c5c9fb91-ff6e-49ed-be4c-e29ff8cbab4c,78,92790.6,Lake Rachel,4,28241.73,8,1
556,268b84b6-3ec0-4285-8bc4-ec0ec2aef674,24,103167.78,South Andrewside,2,6951.21,0,1
557,b186a5a8-d6ee-426b-a2cd-159058af393c,26,55663.95,West Aaronfurt,4,19239.75,10,0
558,4eb9047d-ba2a-43d9-bcf2-fc3bd95874c2,55,125501.38,East Alyssabury,1,2068.21,1,1
559,0f554896-f610-496b-bdf5-9abf6b790d01,75,136277.64,Lake Joshua,2,5506.95,5,0
560,e5b4a1ae-3b41-4943-abd8-a3b10b3d0c36,20,189610.52,Haynesstad,1,9231.47,9,3
561,15bc2a3e-bf76-45d7-b97c-6c3c755d814b,70,150397.55,New Dennisfurt,4,2444.63,10,3
562,0ff1c51f-915c-431b-9786-7b1213281726,29,83709.79,Batesberg,2,14474.11,7,1
563,d9d57b02-42d0-4d55-8aab-47b23c9d128a,20,130539.18,Sarafurt,5,13043.45,4,3
564,53853918-bc40-45fa-94f7-6322b362c0d2,44,178900.14,Shawnbury,4,3987.97,4,3
565,22d839d3-33e4-4986-b18c-ccdc131eb723,26,95462.27,East Danielmouth,5,13208.24,8,0
566,1ee89a4c-6811-44e2-9064-7c59774f6354,42,160744.84,Tamiborough,3,24504.54,7,2
567,43d78f2b-769d-41e3-8eed-412473b0d676,76,121817.2,North Ericport,3,20030.68,2,0
568,9a72083c-b266-486c-b467-88bdd38e13e4,38,127480.94,East Marymouth,1,44892.47,4,0
569,3f8b4433-b60e-495c-9759-ba9625f88c74,69,198475.64,Randyton,5,18514.21,9,1
570,d1f16485-429a-4a7c-8c80-d33aad5be3c8,80,48732.47,North Stephanie,2,33186.36,4,0
571,bf8211bc-8e52-4c42-b3c3-74a6dac726b6,66,199350.57,North Steven,2,29208.91,6,2
572,1f178f93-23c9-4a1e-8b37-1d97cdcc2d6a,77,171060.01,North Mariabury,2,9628.92,9,2
573,668c879b-d2dc-42c8-b2b8-d8aa21768dd7,69,152858.92,Ginaland,3,45785.02,0,2
574,eadc9960-4242-41e2-960b-e0f495132c22,78,122177.25,North Wendyborough,2,28592.34,3,3
575,cf2e3296-7184-4713-a55f-65b7e709fba6,52,75629.55,North Rebecca,4,2860.22,0,1
576,1f5df912-54e0-4431-8f13-3b65d450afa2,56,59385.61,South Brentshire,5,24421.46,5,1
577,651ea252-b974-4cde-9259-f9606ee35607,69,43488.12,Johnsonchester,2,46020.26,5,0
578,e886a011-36f7-426c-9a9c-06792c3d17e2,19,46588.16,West Joshua,2,38943.96,8,2
579,9d3616a1-08de-4921-a60c-b547e2280fe3,79,33055.69,Lake Kenneth,4,29714.82,5,2
580,7aa1c567-8cf9-4ea9-a1fd-c6d169785221,38,44561.3,North Joshuaberg,2,36885.25,6,3
581,e2789642-a484-4035-b30f-aaa36b52f93c,59,77111.01,Lake Virginia,5,34984.46,9,2
582,fd498e20-04ff-4ab2-8b7b-0b3a8b2d158a,32,139795.7,Caseystad,2,19540.82,4,1
583,7c13f47a-c80c-4195-8b65-84ce7acc9970,29,151189.57,Robertahaven,5,20188.47,9,0
584,2e0869c1-453b-45fe-a36c-f4995254aad3,29,128429.96,West Carlatown,5,11823.87,9,0
585,47eb340d-c74e-48ff-8f89-569de550d736,77,109313.31,Port Victoriahaven,3,37521.82,3,2
586,ffe62994-9580-4c2a-844f-c4b85b80b8d1,80,77513.36,East Craig,1,41261.43,10,2
587,889fe107-443b-4d0f-bdbc-3093a8284442,46,22051.21,Port Wendybury,2,13227.5,1,2
588,cc21cbdb-fb8f-48c4-98b4-8ead93608edf,34,161663.6,Kellyburgh,1,3359.23,7,3
589,5168bbf2-97af-4bde-bc8e-9d782d14e9f4,80,49940.92,Robintown,4,25161.02,6,2
590,f2933585-5a07-4758-b357-f3f9b4157cea,52,87562.56,New Stacy,4,39647.77,9,1
591,e1b243cc-cf76-4343-bced-f994d631c383,28,101231.74,Weaverburgh,1,15450.52,5,2
592,0e61065f-171b-4b80-89b7-fdf77d8d3ddd,78,38850.51,New Jeffery,3,9335.15,6,1
593,54ec84ce-002c-4b25-ba5d-7c8286c5547c,64,33500.44,Port David,1,17559.58,9,3
594,cd6bb03b-eb35-47a0-ad6e-0291b7893986,63,25578.78,Brianberg,2,30758.56,6,1
595,24435958-eacf-43a9-b466-fab6962c04dd,21,38226.41,Port Aliciastad,2,48745.52,6,2
596,b45c9a54-5fa3-4531-9291-6e60f5e72daf,60,70674.15,Willismouth,2,5699.88,6,3
597,f9d2014a-22ee-4f07-9296-1fb34d407b28,27,29810.87,Lake Stacy,1,21952.69,4,3
598,7cb923f5-f5ed-4382-a3a6-ef83cab63107,30,37457.64,Grantside,2,9370.78,4,0
599,9d1c0838-edc8-4ca8-a3bc-d6f3b18d2c8c,48,171878.43,Jeffreyshire,3,39458.95,7,3
600,4e8bf78a-60dd-47f1-ace3-d822d08012b8,75,138987.21,Davidtown,1,32451.45,6,1
601,92a54d04-f2dd-41f5-b3b6-d344f2e3c6f0,41,179388.68,Rosalesshire,3,10142.56,0,2
602,5176a9d1-9a36-44d6-ae9c-e8ff084a3c4b,46,103710.43,Lake Ariana,2,42016.86,9,0
603,54c7743b-2401-442a-bf05-fbf5efcac577,27,155402.33,East Michaelmouth,1,5199.66,5,3
604,f68c62e6-e2a4-4909-a2dd-22d52afaab7b,80,156162.24,Port Jennamouth,2,28126.49,6,3
605,35adde88-43e4-4668-82ea-d2df725656e3,79,116392.59,Lake Carlos,4,29063.0,3,3
606,b86d066b-1ba8-47c6-897a-24ad41b455b8,37,34211.91,North Paulchester,1,25602.97,8,1
607,69fd28e6-e271-4ff9-aa95-27f6f8170ebf,25,190865.87,Maciasstad,4,9471.07,2,1
608,d42cb1ae-19f7-48cb-a016-c7438bc83a02,69,54690.7,Kramershire,1,21745.37,10,3
609,39bfca38-afe9-4e90-821c-3fb3a6a5f0ff,30,199508.46,South Charles,2,41871.3,4,2
610,0523d4fd-4b7f-4183-888d-bd82d883e3f8,76,150878.54,Joseville,1,5264.34,8,3
611,e34f76b4-2b8c-43bf-9780-be1712fecc2b,53,78702.82,Martinland,3,26464.72,0,3
612,fa60ede1-e5eb-472d-b11c-0ac58c0b393a,25,94599.63,West Brookefort,2,28763.1,9,0
613,f143e545-6e6b-44b9-87ef-2ba8b45a6ab3,77,39014.27,New Pamela,1,39501.54,8,2
614,54c29d5c-19ec-4829-8db5-d4412837f418,74,93960.21,East Robert,4,33084.6,9,3
615,badf9397-ecf2-4429-b8d7-7d2f8dda4ff2,20,50995.95,Donnaport,4,8048.78,9,3
616,64953d5f-0cb4-4891-988d-f23b3ccff6eb,20,91242.69,Hernandezstad,3,34835.17,0,3
617,4b6797a1-166e-4fe3-ad77-959500fa0eb4,76,68345.18,Gonzaleztown,3,1991.41,4,2
618,4ab427e3-a360-4681-abbb-a89d34fadee1,35,171712.38,South Meganport,1,48652.34,3,1
619,7d3572cc-788f-40cd-a5c0-6b93c8edabdd,37,195359.5,Christopherside,4,38927.51,5,2
620,e2afa629-5efb-436e-af54-60336334fa2a,64,95019.09,Woodmouth,1,10208.85,3,3
621,770e09db-7092-4401-8367-5d580b6c03c8,65,107202.86,Jeremyview,5,43492.26,0,1
622,c0927b74-26b0-4ff6-8fc7-9913907276ea,22,76002.16,North Elizabethside,5,20765.87,8,0
623,96f84ff7-c1a7-4883-b880-287869fb0763,29,54697.42,New Bruce,2,42011.86,3,0
624,6b2b78b9-85c7-43be-9183-010f6319629b,47,29100.67,Armstrongbury,3,35527.06,4,2
625,6511e61a-1436-45f5-8c81-926079ec533c,70,103559.32,New Ashleyhaven,4,32135.08,1,0
626,fb95d0fc-ad72-4d05-924c-de09ccea5031,33,87044.02,North Stacy,5,22859.07,7,2
627,fbff8a7d-f2f5-4176-ac41-cbd372f444ab,40,49432.45,East Lindsey,3,37699.1,1,2
628,140ff589-6c62-4c2c-8aec-cec7204db9da,19,89581.82,Harrisberg,2,42837.25,3,1
629,51db1a37-4204-4733-9855-0b1ed5881c1c,59,60520.17,North Paulfurt,2,14185.1,6,0
630,46b518de-db4b-48eb-937d-0bd18d536c75,73,160454.66,Starktown,1,24230.76,2,1
631,966b62ea-9f80-496b-b34e-356ac95b61f8,56,164155.67,Rodriguezberg,2,13367.13,4,2
632,952a5345-9682-49ff-910c-4cb725f06b0a,45,181186.94,North Annaville,3,23490.9,3,3
633,891f4683-de12-4bf1-893d-6196c926a021,37,141895.31,Natalieview,5,20460.47,1,0
634,92701d60-7c4f-48e4-a7a0-2a3d620f230b,50,199897.29,Johnsonview,3,28511.4,9,2
635,9bd0d4c7-9e45-455e-a4d3-875167294d3c,37,143194.36,Williamsmouth,4,4128.02,4,2
636,bee975da-0c9e-4550-bcd1-ff3fb0c58278,73,69839.29,Mccallstad,3,10229.64,8,1
637,cb2cc805-d140-4430-967e-642e052dfb9a,75,30219.44,Larryfort,5,20800.82,5,1
638,1924c644-af52-4666-b239-09f4dbb54645,64,24581.95,East Kevin,4,49875.99,4,3
639,d3692867-c626-438f-b16f-b276be64ac2a,43,89889.49,Josephchester,1,29568.16,9,1
640,301c8db3-16db-40db-a543-148e9adfe981,39,150778.98,Lewischester,2,34629.59,10,3
641,84396fc0-c26e-4706-bc05-9799bdae8eff,76,189320.23,Lorihaven,3,25858.43,2,1
642,4fa5c35e-10cc-4604-a8b2-6b1bca9f1d59,36,37568.55,Taylorhaven,2,37305.03,8,1
643,2c7a0d31-0769-4583-9194-821ee11bf0d4,78,142348.23,Port James,3,33067.3,3,2
644,74d9d1f5-0877-4804-bfde-98140ec0ad4b,32,153957.79,West Janetview,3,21603.16,5,2
645,814ff657-76d7-4561-92d1-4ef55e4c4fd1,34,125402.73,Reidville,4,42709.48,7,0
646,5f59fb4d-3def-47ba-87d2-fd4dae61716a,73,134191.41,Wheelerburgh,5,47270.75,1,3
647,963dc8bf-797e-4984-9ed7-d3eff5e4a9c1,74,55017.88,Maxview,1,43507.39,6,2
648,1723ecdb-b058-4256-94b3-e8cfbfbbeab3,44,29731.15,Anthonyton,2,7730.9,3,2
649,c7a2f280-927f-4103-9a94-08c029b44cb1,44,197694.49,Port Jeffrey,4,8017.98,2,0
650,44e2a94b-34ec-4264-ad7d-6f8139a0f145,49,79873.3,Palmertown,2,16357.29,0,0
651,a5ba2472-21df-4609-a959-137f795e6f2b,46,69235.02,New Lauren,2,29237.67,2,3
652,ce1a1669-9bbc-4cbc-809c-a8f23948fe22,68,157442.45,Jenniferview,1,7340.89,6,3
653,da018d29-6060-41eb-a53e-5f4c6c7e9a2c,43,97224.58,Stephenborough,4,19782.5,0,1
654,8548867b-ad5c-4a24-8d59-616b7779857f,64,87158.25,Silvatown,1,44708.31,8,1
655,f76b9723-a990-4071-bfda-9a9382f29004,19,141814.67,Annaport,2,12087.02,5,2
656,7b53359e-1bac-4d0d-af35-b30b4c68eb17,26,38487.48,West Vanessamouth,5,29844.86,2,0
657,a7f77451-42da-4609-86e1-ee40dc8ab6a7,70,28229.3,Jacobhaven,3,23340.39,8,2
658,0e88c8ec-e651-43e1-bd84-6fc9c3f62136,45,179835.33,Guerreroberg,2,17793.91,7,2
659,7f53d344-a7c8-44e4-8684-3c86b8a60402,66,53916.69,Jordanchester,4,1937.11,3,1
660,090aaa93-bc9a-4998-a365-fc2a6793cb09,31,152133.79,West Jessica,5,25727.04,1,2
661,a36884f5-88dd-4880-afb2-8b3d38eccb4d,63,137097.27,Knoxstad,1,19384.43,10,2
662,2b843ef3-d86d-455d-8cd9-916481df62f4,67,116252.02,West Connor,1,30102.28,0,0
663,b9a5d4d0-4237-41f1-bdac-dc5e20c0f275,59,170501.6,Lake Rachel,1,34797.74,6,3
664,5af3da5a-38e5-4b27-96dc-5a6ea7890770,42,42247.11,Lake Monica,3,24245.42,2,1
665,54d1332a-e308-4ddc-89c0-4b7d6ba4170b,62,143433.21,Jorgeport,1,15754.71,10,0
666,787515b9-1e26-4d31-99e9-275876b90436,60,113655.66,Port Cynthiashire,5,30676.08,2,3
667,78e36397-123b-41cf-9ee3-39fff1bdb598,71,181751.95,New David,5,36219.55,1,2
668,4c610ae8-87a3-4f10-a1b5-12edae423568,25,161256.81,Brownberg,4,10733.69,3,2
669,57b936b0-3346-4332-be0a-824e232a5e82,71,114166.3,Benitezmouth,2,18538.17,6,2
670,b7360c4f-dcc5-4975-90fe-819924aa5685,28,27093.03,Port Christopher,4,45607.47,7,2
671,2d445af8-fc94-46b1-a18b-5d1555273407,33,20492.84,Cynthiatown,1,45437.12,9,3
672,c2dd901d-359a-4533-8605-ec0e73b9c2ac,27,190900.28,New Kathy,5,4677.36,1,2
673,c79ddb62-c379-44c1-8903-94ea7d54ec82,59,61608.85,East Christinachester,3,13942.13,0,0
674,7a36e788-f71f-49a6-add4-9c966744cb9e,70,51446.33,Smithside,1,42760.19,5,2
675,f337b261-5f83-42d5-bb0c-7919330ccff5,45,152937.24,West Katherinehaven,1,42711.05,0,0
676,010e4265-ad3f-4dd4-8496-26ba30c9a2be,72,44911.0,East Heather,2,17104.38,7,2
677,1a4b1606-2101-4bff-8fe5-474558274e80,74,151952.23,Gordonport,3,40933.25,2,0
678,0bb432b3-d2e7-4deb-90b6-a6622ac1d5ca,43,92045.04,Stacymouth,4,14319.82,6,3
679,862c92fd-98ab-42e7-8531-9f0fba533122,69,95913.17,Ryanberg,2,6539.77,0,1
680,7d7c59a5-e6c1-4650-bf02-f5b057bd56c9,24,94884.99,Karenburgh,5,24651.07,9,3
681,cfdfc6f9-eb0f-427c-a82a-3879f2b5a7ea,29,130038.17,Smithbury,3,30956.56,10,1
682,3610901c-2196-43b5-bc21-109bba27bc64,48,185671.64,New Williamville,1,44492.1,7,0
683,cac8d87e-a689-407f-b60b-4f875dd8effc,22,67090.32,South Nancyview,3,1605.65,10,1
684,0c7031eb-9f85-42dd-88e4-4a48c5709e30,80,192037.06,Lake Danieltown,3,26435.88,9,0
685,6ab1cdb6-1da4-46fe-b093-70850c5921f8,45,139108.39,Jamesside,2,24614.55,10,3
686,27335670-b3ad-42ba-b972-09c040b374f8,27,171025.94,Lake Gina,5,44711.03,9,0
687,a962d996-6bbe-4b5a-8d15-f7d80261c87a,18,135811.77,Lake Abigailberg,2,25772.81,7,3
688,1adba8cf-e60c-4638-94a5-a81e6b382a0a,73,49772.7,West Danielville,4,16711.06,5,2
689,3322c68b-9be7-4aec-b2da-81f07f6bd3c6,21,111247.28,Marieborough,5,32522.55,6,1
690,4b9c22f4-68e5-48cd-b414-6e4a5ba0c3e0,23,102637.03,North Amy,5,22956.83,7,3
691,eee13cae-b02e-41aa-b52b-6ec8e90d21cb,38,41367.23,Riveratown,4,37516.71,0,0
692,e8294a67-16c8-43d7-abf0-263e03438b64,43,94220.94,Port Audreyfort,5,27905.84,1,2
693,c78f07cf-170f-487b-b30e-e4fe262e5559,74,111500.79,Lake Jenniferview,2,33075.2,7,2
694,fd1935cc-74ed-460e-bb2d-520ba4f34185,41,168555.98,Josephton,2,42371.55,5,3
695,dfc7ab26-2cb9-41fc-902c-75f9198d13a4,63,138290.1,Port Kellymouth,4,6587.14,10,1
696,1851d1cf-1dab-410a-bd10-f87c6d0e0597,18,81444.28,North Melissaburgh,3,27836.84,5,0
697,700e0efc-e4ff-431a-9b86-ea6954231dbe,20,181437.88,Natalieland,4,7882.01,6,0
698,2ed087d4-57bc-4d3a-90a1-7fe85f642a53,34,129953.32,South Ricardomouth,2,6916.54,6,1
699,b09d721b-62be-4009-95f0-fb6a4596da75,47,168419.75,Marshburgh,2,36122.61,1,3
700,b9f6143b-b238-4056-a1ec-47541cf14654,20,186792.78,Port Erikchester,5,7037.74,7,3
701,cd613988-7b90-442f-973b-6977e9462820,60,126076.91,Whitefurt,5,7597.16,7,0
702,0760801f-9c81-4c46-9bcd-236cc7774fae,51,152518.51,South Samantha,5,46830.11,9,3
703,70d0ebcb-6949-4ce5-a339-5b1a1ce97871,77,111499.92,North Josemouth,2,34899.07,2,1
704,ad8cbfea-de4b-461e-b45e-9463032a09e0,24,89733.0,Lake Morgan,5,30701.88,5,3
705,b359390e-b030-4aaf-85ea-16e084e3b774,44,196310.14,South Dorothybury,2,14406.2,5,2
706,ad21b4cc-a9e8-40d8-9883-09de7b5fbe41,46,164863.43,Hernandezside,2,21224.53,8,2
707,0df80b89-9ce7-4ed1-bcdf-e961e45e2ad0,71,146268.98,Lake Sarahhaven,3,35881.84,8,1
708,7eef09ab-da14-4a47-b823-51d9d94df188,30,57748.29,North Karen,3,34643.95,10,1
709,f85b6d0a-54b5-4635-bdab-161452150ed8,80,147871.36,Brentbury,2,25690.78,10,2
710,673d2920-60ee-44ba-a4b0-718e8ced4707,63,40772.95,North Stephen,3,28551.73,9,3
711,1688782f-72b6-46ca-92b2-6acdcd1f75a3,61,154616.37,Westville,5,15010.47,6,0
712,a7437402-bec7-4b11-bf53-dc0afb0d3cda,51,39164.68,North Richardton,4,8121.01,10,0
713,d36ec1bd-000b-4f5e-8c91-bd138ea02346,30,68056.09,Port Cassandraport,2,49193.09,10,2
714,34f43404-8ff5-4701-8222-6c16e3de4ec0,27,171088.73,Clementsstad,3,10996.04,8,0
715,39112943-d10b-44dc-8de4-faf4d34794cc,40,166524.72,Riverafort,1,31189.33,10,1
716,b7461b72-5d00-4f1b-a83c-1c2bb776e729,65,136481.5,Wilsonbury,4,12642.18,4,0
717,d4734534-5aea-4352-9763-2e1e008ffab9,77,88684.87,Amystad,4,47878.4,10,2
718,e599bd3c-0bb8-4d38-9b37-ef19b3bc912f,79,119382.43,South Donald,1,37439.83,3,3
719,68c2094d-b8b8-48cf-be15-3187b783e1d5,71,60598.73,West Cherylborough,3,38000.28,8,1
720,6494dd5c-da29-4905-ae22-a70b1ee93260,67,150484.61,South Makayla,2,15414.71,2,0
721,1b968925-5682-4038-b77f-69b930c9c51f,29,193245.54,Williamsshire,5,6848.34,0,3
722,735444fb-e44a-4371-85ab-4e571f8b4af1,35,120187.75,Barretthaven,2,8885.51,4,0
723,011c4544-7fb3-4be5-b6bf-2f7222778161,39,103939.64,New Savannahshire,2,2957.09,5,0
724,c7f4f4f9-8222-4ad3-aca3-91d47ba16dd7,67,187828.74,Lake Beth,5,42313.86,4,3
725,1a82833c-20dd-40ff-90b3-d752bb01b2a5,68,123081.86,Sandovalmouth,3,4571.16,5,1
726,6b2d9ccc-6279-403c-a1a2-cfe7810d5c57,79,53096.44,West Raymond,1,39526.65,2,3
727,73edb223-4b4e-4503-b872-241357c5982c,52,116666.47,East Robert,1,18120.74,3,2
728,8325bd9e-bf98-4734-a2ed-8686b33422cb,39,84943.61,Meganside,2,47565.11,9,3
729,bca0258e-b63d-45d5-905c-7527dc57546d,53,168263.91,East Jason,1,6621.38,5,3
730,586528e6-afc5-420e-8a63-6af5b6e1e7ac,33,182809.36,Lake Debra,5,46011.76,3,0
731,8ae0b8a0-80ff-4909-ad85-2212f554e1f8,61,179418.83,Jenniferstad,4,45880.69,1,3
732,9215583a-9532-4aba-baf9-85ff8ff19886,34,117242.72,Craigside,3,2210.58,8,2
733,6c21835d-d8e8-497c-a0a2-59014932936e,50,164507.01,New Danielfurt,4,24853.43,4,1
734,0e7da698-ab95-472f-8d95-aaf5253421bc,38,112501.05,West Karen,1,9202.35,8,0
735,aef2ab2f-495f-42fc-bbc8-c77e29330fc4,58,31784.93,Dwayneton,2,43382.59,6,0
736,34396729-4b8e-4509-88cb-a592b0cad2eb,31,116795.76,West Lisaville,4,32681.5,1,1
737,bd4f6118-acef-45c4-9e37-90fb9db94eee,19,102660.54,Lake Deborah,3,2856.43,1,0
738,c8c85ad6-82cb-4dc7-bcd3-0e99638e1388,29,162958.66,Heatherton,5,4451.66,3,2
739,6aa415b5-6336-4815-a1af-663ced2e1bcd,44,89845.87,Tammyton,4,22218.23,0,3
740,33fd862d-4057-4470-be61-27a80351b09d,61,41295.04,Greerstad,1,32429.71,9,0
741,bd0b0fa2-8bee-483f-96a0-6bf2c14ebd10,66,154271.19,Port Jenny,1,35343.22,1,2
742,2d6bc882-72e5-48e9-8b4f-3b2e318910ec,77,110510.65,East Sydneyhaven,3,39557.7,4,0
743,6db2b020-0a67-4143-a090-103c1e8df8ad,36,157749.36,Angelaberg,4,19689.27,10,0
744,4148bd11-d894-42e8-9580-1c3a2932a211,48,48138.23,West Stevenberg,2,7682.69,6,2
745,5297e1ad-edba-4484-a759-1ad40a398bf7,79,134128.22,Port Sarahport,3,34187.16,10,2
746,8cd74c27-929a-4586-8a37-6c367d94bf10,79,190903.72,Charlesmouth,5,43863.58,2,0
747,2f120b9e-f4fd-45b7-b84f-6e3b86804a8a,20,20905.37,Port Williamchester,5,20310.0,8,0
748,1789be63-6746-4743-897b-303d8b074d1a,37,57809.52,Jeffreyborough,3,11375.11,10,1
749,5c5d3f1b-54c0-46c2-94f6-516ea9d049dc,28,53118.69,Jefferyhaven,5,41902.67,3,0
750,d2dd3e26-8fb3-4134-bf23-36e979903d96,29,140776.02,North Elizabethmouth,5,42760.31,8,3
751,9d1b83df-a46b-4fce-a78d-147c3d877034,59,118939.63,North Felicia,3,33912.58,4,0
752,cbd431cc-ea7a-4c21-a1a1-a29c5228ed8d,30,150606.07,South Jonathanport,4,47625.46,5,1
753,d275bd43-8451-4303-a94d-4fbe06531d47,60,137985.14,Williehaven,1,14971.72,1,1
754,4be318a8-0b39-4ccf-bc9f-3bc37210045a,38,107455.02,West Willie,3,31200.78,4,1
755,f8bca9ac-2ada-42ce-9890-99c9f2be029f,54,122035.14,Lake Cameronborough,3,47974.29,2,0
756,d5ee2587-6c98-4d9b-af76-b6c2dd6d6b41,38,64311.52,East Amandachester,2,35897.76,10,3
757,12767d13-f093-4776-9116-d014a5850828,35,171219.81,North Stephen,2,34299.43,5,3
758,12c0620c-1667-4518-89b2-eae654eb4c91,47,100164.44,East Lauraside,3,24861.6,1,1
759,3a46fbe3-d255-44de-9330-ba8312087e20,59,129192.98,Rickeymouth,3,43076.97,2,1
760,50ffde64-6eda-4a8c-a789-e7d0a155eb2c,34,152038.03,South Emilyside,1,36643.84,0,0
761,9e4c24dd-b864-447b-a434-47fb01829782,70,124740.29,Port Julieton,4,38690.81,3,0
762,5b923c67-1295-48df-9926-fe41b36d0121,53,66910.94,West Kristinport,5,24133.09,2,2
763,c3e90323-4811-46e9-9625-34ca9b47e639,43,60195.2,Jamestown,5,36928.11,4,1
764,38491ecc-8891-47fd-a804-d0ac795741bb,47,110202.17,Lake Peter,1,20442.47,8,0
765,4b83b570-8bb4-495a-9976-b2bacc27f386,60,62998.54,West Erica,5,34523.92,8,1
766,ddfcd1d5-cb86-4dea-b722-2fbeea06f94b,46,48660.04,Susantown,5,47486.88,10,1
767,243113fd-8e19-4d07-9ff0-b9bf8db3c2c1,65,151760.81,North Adamfurt,3,2980.57,7,1
768,15cadfaf-f26d-4dd3-8c2a-a0b18982cbf8,22,67584.28,Jasonstad,2,3097.61,3,2
769,a55bc44f-e7d7-4d1d-a9a3-b9913634646c,42,104541.36,East Jack,4,44196.05,0,2
770,31bf5cf6-40b3-4f7c-95b2-11a99dec2b83,24,146672.53,East Emilyshire,5,32044.78,4,2
771,c04446bf-d9f4-4bbd-8dec-644cda2d2156,55,117983.01,Newmanland,2,19456.32,6,2
772,402d105b-113e-4f84-abf3-90964a68369c,55,137600.58,East Jessicafort,1,26316.48,6,1
773,20d2b528-5b6d-4b7c-94b2-a582f3981e9e,51,93051.6,North Justin,3,24856.22,7,0
774,515a6b43-3189-4f48-a66e-2c1111defebf,50,178766.16,Hayesport,4,9114.69,1,2
775,90c80420-2703-4b27-958c-2936b18678ce,31,47043.27,Lindseychester,2,18748.92,1,1
776,3f05557c-502e-4818-813c-a9982b2bf58c,44,166011.07,Lake Jodi,1,24594.32,7,3
777,5c074653-d711-43e4-86d4-7d416fa5d3b0,31,126342.36,Lake Jessica,4,2099.86,0,1
778,7202fae5-767d-4b27-bade-4367e0bd202c,54,126622.58,Kimfort,2,31847.48,0,1
779,a542deb9-2cff-45f8-9bdc-74a98d3a5d76,21,49941.45,Port Juanberg,2,26315.39,6,0
780,4363589c-3249-4cff-89e2-df24e42c0aea,74,149518.51,Lake Charlestown,3,47415.44,3,3
781,07fc584e-a1b2-4627-81d6-7019d97e8d3c,56,198699.65,Hammondborough,4,9357.77,6,1
782,42b7c048-8d35-43be-8962-4ec9e80382eb,68,124876.3,Valdezberg,2,31537.38,8,2
783,e4354021-392a-4fc4-a47a-c5915da64a3a,28,150353.62,Dennishaven,3,46195.25,9,0
784,5d264b1b-6593-4659-972e-8c6882aa5c46,32,88078.04,Lake Johnburgh,2,6319.94,3,3
785,723b80d4-23ef-4561-839e-7623c1d841d3,70,46921.01,East Ashley,1,9693.69,9,0
786,f7bd8499-df48-4e7c-a8cf-4f6290d9170c,74,161096.28,Lake Jessica,5,37866.77,1,3
787,38048786-0a58-443c-9bda-0655f06dca24,60,43459.19,Hallview,5,27425.01,0,3
788,ab286d09-0af5-4e60-bbe8-a5df5e934de0,51,95723.12,New Rebecca,1,35184.5,6,1
789,eafb9f20-783c-41eb-a35a-11f25c7af83d,78,164414.04,Keithton,4,18175.37,9,0
790,1a6cf459-52f6-431f-a605-b7c9fb07ee93,45,44098.96,Maryview,4,38527.09,1,2
791,2c816bf0-91f6-4406-8b5a-868394213090,56,177817.94,Valdezstad,4,13632.44,0,0
792,d5e14d1f-e5f2-4dfb-a741-104b96721e98,54,114057.31,New Johnbury,5,1352.51,10,1
793,d1366db1-5a57-4607-a7e5-46468430f0fa,62,164771.69,Tommyfort,4,18751.22,2,3
794,8078636d-01b0-42c1-9aad-9234e31db345,59,125366.63,South Gabriel,3,42893.87,6,2
795,47e321c2-a4ba-48bf-83b8-fa0513bc0dc6,57,69600.9,East Jacob,4,37993.62,6,3
796,d123f7c1-b7a1-467e-9a1e-00365cbaa496,29,86638.33,Lake Jerrymouth,5,24704.25,4,2
797,acdbd5f2-7b44-4cd0-9d03-c3d5b862acc3,67,146989.03,Mendozashire,2,42894.95,10,0
798,6930b0c4-d557-4899-a5b2-c7ea29476f54,65,61358.83,East Bradleyshire,2,5913.65,8,3
799,a1298fa2-227d-4660-a93f-c26697a418b8,68,80918.81,New Dylanburgh,5,31087.24,10,0
800,8442906f-2e16-40b6-ac25-7a75421d4dca,28,90038.66,Greeneshire,1,40414.1,2,3
801,b8344070-e0e5-46e5-84c4-4853a33b3dfd,77,128044.18,Staceyborough,1,4139.94,3,2
802,78ae8d5d-fe26-4e77-9b45-47e072fefdc2,23,129625.2,Jacksonchester,4,46603.56,6,2
803,95284c0a-cb6b-4562-a488-c84d99d090fd,63,193435.37,New Donna,1,47340.08,2,3
804,af82e70c-b964-4e4f-aaef-cf3b43b7a0ef,46,21927.87,Sandrashire,5,15014.32,0,1
805,62ada157-60d2-459a-bad5-1382119fb03e,57,50506.92,North Allen,1,18627.26,10,0
806,811db4af-e8ca-4483-9c0e-337585d0691c,80,48340.06,Serranoville,3,39203.97,5,3
807,9d6022c5-e6cf-4bd8-b9d2-90012d6b8a4e,43,125494.43,Port Amandaville,5,1752.96,1,0
808,215d3b1f-a8cd-444d-bb74-244017db4c2f,53,71208.88,Port Erikachester,5,45835.44,5,2
809,dff47c51-5ed1-4e7f-abb1-f2bc85a4b0cb,79,166792.68,Lake Alyssabury,2,30711.81,3,3
810,ca20508d-7b6c-4129-8d63-8ba8f03c664b,77,92712.16,Bellshire,1,13794.27,6,0
811,412817eb-2246-49cd-acec-df821903f9b3,53,33029.47,Cannonland,3,17658.33,1,2
812,8b31f4d8-e073-41d0-9929-afeb48842a14,74,116822.61,Scotttown,5,13256.93,7,3
813,01d23a76-ca17-4780-be5f-902fb58ac738,54,107053.38,New Adrianborough,2,38116.19,7,3
814,68aa1236-50de-4f43-8de5-c35ab0117b0a,75,125628.77,Danielchester,1,24616.54,4,0
815,42e4bf01-40ee-431d-95da-d216a6cdae3c,42,134059.12,Cunninghamview,2,34168.74,3,2
816,c145d6ba-65bf-4e04-ae3c-2ce6fde6849b,44,191980.22,South Andrea,5,27246.94,4,1
817,5ec646eb-2dc0-4158-bb83-01cf8ebc6d7e,36,36741.7,Kingport,3,4725.41,2,3
818,b49b4b72-c631-4c16-9827-bc1d93e0f235,38,83636.83,Fitzgeraldville,5,14184.71,10,1
819,c879d932-7254-4ab7-bad2-4ac8bf70c042,49,152680.2,North Jason,2,37036.02,4,1
820,cd04c001-56a3-4ccc-893c-9cc6668b28da,32,56497.98,East Paultown,2,41980.4,5,1
821,25343e85-d2c0-4ec2-9751-94d7cdeb2696,67,39204.07,Frostchester,1,34114.79,10,3
822,38c5ef5e-4359-4f43-9067-93b61690636b,57,21192.26,Christopherton,5,47941.66,7,2
823,fc04ca7a-ee41-4f16-a263-307cb9787c4b,57,76775.04,Mendezhaven,5,43569.67,7,1
824,98f3f640-f6a9-43e3-b62b-ccb149560c36,66,184881.23,Port Lorifort,3,20496.1,9,1
825,d9beccff-33a3-45f3-82bd-eabe706078eb,21,114632.38,Jameshaven,4,24437.68,8,0
826,9d7d1756-3b4e-49f5-b2cd-9a0a840c5cb0,50,82512.01,Lake Barry,2,23402.61,1,3
827,f9c3ee05-0012-4399-a7af-55453d3fec1b,38,144057.9,North Wendy,1,34031.05,6,0
828,ab6ef8dd-5a66-4316-a641-4954c798a445,38,85088.42,Sullivanborough,3,10170.47,4,1
829,b4209103-bca7-46eb-83ef-0f77848ac924,35,104842.17,North Andreaside,5,17811.73,2,3
830,58f42098-591c-4524-953b-0f1fea3e072a,45,57895.85,Jeremyborough,3,18888.82,6,2
831,932d1648-6769-40f1-ae01-b9e0746b161a,46,52380.06,West Gregoryhaven,2,48984.35,10,1
832,80cfb1db-1287-4313-8f02-6c2c1b414999,70,37976.55,Matthewville,3,40400.29,8,3
833,41f83199-f4ea-4769-8366-c189cd8d9f75,72,88559.01,Heatherfurt,2,40201.84,2,3
834,3e4727fd-c51c-41f4-bbcf-2b31902bd154,69,21753.61,Susanmouth,4,25480.29,10,2
835,963a4333-e582-45dc-b5f1-c654ae7cfd14,68,107591.64,South Darrenland,3,28544.78,9,0
836,fe83c32a-c9e5-4c47-a237-a8c161f6dfbe,43,37815.46,Lake Jacqueline,2,3941.78,4,3
837,f49816ad-6994-4f84-90d3-ba03ccd7608f,71,133375.2,Zacharytown,4,37485.07,4,2
838,3f8dcf96-436a-42bb-9509-8e07b368d836,41,120863.01,Christophermouth,3,17862.87,6,0
839,2db13deb-ee6f-4bea-8df7-164713769ff9,40,176126.35,Edwardsborough,5,10748.95,9,1
840,2ecaf629-44e2-4691-92de-d495e4f1e8e8,80,160455.64,South Jillian,3,16929.42,8,3
841,df6c0d60-3df7-4a69-bc45-144a3c1fdff0,67,152574.71,Jamieborough,1,19672.48,4,3
842,9e5c5dcd-d61a-480a-bfec-0a37d5bea8dc,58,192187.0,Ericville,2,32388.45,5,3
843,ad0205f5-1417-42f9-ab91-731a1eb05b4a,58,130215.82,Austinside,4,42596.14,1,0
844,7b777e71-d917-48f8-8ad1-c18cf53f091e,28,81852.59,Christinefort,3,16527.03,4,2
845,e5a1c6e4-e188-4146-bc40-a3d4e5eb4549,56,136035.97,Travishaven,3,44496.9,5,3
846,c00b19de-38db-428d-a5db-6e4347bf8db7,44,50117.26,North Alicia,1,7126.96,3,2
847,8a6fc4b3-f08d-412e-ba73-2f356c5540f0,78,153897.56,New Michaelburgh,1,11318.0,6,0
848,b2c027e8-1ed0-42e9-b9fc-6034750acc98,24,31482.63,Stewarttown,4,27873.25,0,3
849,61223189-35f3-4e4a-ac92-04b40306a258,51,157699.35,West Michaelview,1,6092.49,9,1
850,3cb526d7-434a-430e-8c6e-a6ad2fe938e4,23,137869.88,Thomasmouth,4,16159.16,3,2
851,6c878546-7faf-4458-af14-f7775dad348e,46,132766.52,South Jaclyn,2,26810.37,2,0
852,668d3c8b-dab5-4d55-9d75-c03c5f4faf10,20,139438.84,Shannonshire,3,43347.82,7,2
853,af9e7a0e-936d-44a7-bab1-996a21925613,53,100072.09,Port Cory,5,9674.8,9,3
854,8e2ac3ff-3c5d-4a42-8dd8-af09451b6267,58,154804.09,Chaseborough,5,22313.89,10,2
855,bd1116ee-f58a-47c7-8ccf-4130255603d4,76,82490.29,South Linda,5,12129.29,1,3
856,226cbc6a-7fe5-44b6-abe8-c7562d36226c,37,85841.0,Kristenport,3,8630.16,0,0
857,915d9a63-dbc6-4928-8fe8-4e20403fd582,51,166768.36,South Coreyburgh,2,17850.36,7,0
858,411920f6-d056-4199-b728-ddc20f5e8b47,62,185975.91,Combsville,4,15680.92,6,2
859,42803aa0-55ac-4d06-be9d-a9517329af6e,56,61618.77,Michaelside,1,27862.4,3,3
860,581993cc-41f9-494a-8f5d-337fee8d5daa,74,120899.78,South Davidborough,4,13244.91,10,3
861,a62d7221-a65d-458e-936d-d1a893acb00e,71,88104.45,Port Justin,3,4881.28,10,1
862,7ccc63de-82ac-4e1d-ac56-5da653391df4,51,157616.89,Prestonfurt,5,40571.17,10,2
863,a1b7e3d8-76b8-44d3-8959-9bed9d1911a5,36,136722.27,Port Gary,5,40631.62,6,1
864,6bfc2a47-565f-4491-adb6-8b81cec68cfe,72,32323.51,Sweeneyland,2,15190.17,10,3
865,3a6c7da6-57f7-471f-a978-cc731440adec,57,101498.1,Loganport,5,25107.8,5,0
866,a5076897-9afa-4267-8479-1214b5def807,27,28933.77,Nelsonmouth,5,2084.41,1,2
867,5cf85eeb-f053-4851-9ce0-e2bbc7edea02,35,42507.06,Gutierrezburgh,4,36628.25,3,0
868,ba4f4b03-2002-4d9f-85e9-f407daada0b1,27,22650.47,Lake Johnathan,2,17753.73,4,3
869,147f1f67-bfee-419d-b360-dfaabe6e9d47,41,103463.2,East Randy,1,17182.18,2,0
870,e0f1e44c-efd1-4588-9054-b2d518763576,35,159617.52,Kelleytown,1,27616.41,2,1
871,c3d6cd54-8623-4c74-a5a2-9cc8c55be95d,75,171477.07,North Joseberg,4,41584.35,1,1
872,e2ae3f87-ee7c-4782-a7a3-1d2515956c42,42,158820.56,Parkerbury,4,13110.95,0,1
873,a06109db-7172-4636-88bf-b602bcd2e8eb,47,152358.1,East Alison,1,26535.82,3,3
874,a9de5b26-08ff-4ab0-8750-72d62bacf712,42,142659.62,Michellemouth,3,46874.55,2,0
875,f99863f2-7799-4ddb-b9e5-46e7dd3ee854,65,188735.77,Amyberg,5,6984.93,7,2
876,8a0ec018-b297-49b2-b2cf-fcaef833ebfb,30,84876.8,New Carla,1,43319.23,3,0
877,e096521e-a2c7-43d4-bfb8-abb9a18c5492,33,133923.61,Millsside,3,1738.32,4,0
878,7b4d8646-58e0-458f-a8af-301f4f45f6f7,43,162045.88,Port Christopher,1,48472.91,9,3
879,4282b6e4-6986-405a-9da3-f9cf4ed0730d,62,127318.21,West Alex,3,38769.05,3,1
880,d913057d-c21f-44fc-90bc-bad585f80d9b,49,36452.28,West Justin,5,17582.68,10,0
881,ec0dfc3a-b011-4125-8221-11e588fc3da1,21,83993.18,Arroyofort,2,35365.08,1,1
882,6e310234-c410-4108-8256-83894cb34663,49,61881.43,Carlatown,5,39639.53,5,3
883,69678586-3046-4008-9fa7-20128c57a277,64,54733.75,Fosterburgh,4,18550.21,2,2
884,63c4e76d-a55f-4725-bcb3-c168b7062cfa,75,27107.94,Walkerland,4,28392.21,8,3
885,84408e98-3d53-4c43-a015-2b5b6c17e150,30,122006.31,Justinside,5,18035.57,7,2
886,3020cf06-69b4-4194-84d1-8524cf0e1567,73,169642.93,East Derrickville,5,8856.83,8,1
887,73e88db6-9e23-43d0-b491-5c14a30b669c,46,73221.08,Jackiefort,3,27538.69,7,0
888,26f341c8-04f7-48c8-9215-b5033012f819,67,134844.69,New Andrewville,4,36949.23,0,2
889,b71714cd-2002-41bb-84e9-f8fb4838a888,67,131635.52,Acostabury,3,36329.17,10,3
890,7e5b3ac9-03c5-41fe-a693-34ef17172654,30,114332.56,West Robert,4,38520.97,2,2
891,ff7a884d-7f96-4d35-8ca9-9089c9254bb5,38,93764.81,Steventon,3,6412.74,8,0
892,c02553ea-d7f2-4678-9489-8025548b2ce3,20,170334.8,North Joseph,2,9753.3,0,1
893,785b8a07-8b0e-40b9-9246-44746475c0ee,24,107366.65,East Paula,1,2559.04,10,3
894,d4085391-61af-4e8e-9137-57e14005353d,60,108183.73,North Theresabury,5,35364.39,4,0
895,7165e36b-f997-4779-856f-05e662821d61,41,59730.1,Lake Virginia,1,1641.22,3,3
896,c55ffde8-bc3e-4d19-b5f9-423032fd73c5,77,180158.12,New Elizabethborough,1,23934.9,10,0
897,f6121d2c-ae73-40eb-a39d-8fe7790b185c,41,120443.58,Sharonburgh,4,41279.3,0,2
898,bea6450f-0acc-423c-ba6d-bed8a110e887,51,27317.57,West Timothyport,1,41888.37,1,1
899,0d559b64-e334-4bac-9c44-ebd132df8d45,79,113507.35,North Joel,1,36533.42,8,3
900,2ad820ca-03db-4a2e-9313-50e06f2537ce,30,54761.5,Brendafurt,2,28931.36,2,3
901,f80590f0-0249-4a09-be3b-1a40ca0553a2,65,38992.55,New Kristenfort,5,18540.2,7,3
902,5f13fb98-27ad-4d51-98a1-5e4fb03b6934,74,38738.43,East Ericland,2,27948.31,8,2
903,ee4c1b18-56a2-449d-9e5f-8273af9a1168,60,48471.76,North Michaelberg,5,22707.6,5,2
904,1b7e0502-ca9d-4831-894e-7397b38a3db1,53,198463.34,South Jesse,3,42397.85,6,3
905,a50784cb-c9df-401e-8ef0-0de1fb4f1972,70,150656.18,Lindamouth,5,12795.41,8,1
906,b072afc8-0577-4108-b166-2c94bbb24366,42,157827.48,Howardberg,3,18640.42,7,3
907,7c3cc2bc-0a1b-4bd3-a60e-c813402da0fa,79,91476.3,Hansenside,1,49164.87,9,0
908,91135d7e-3095-4621-bd76-ab58b271115b,51,44315.43,New Michael,3,1321.87,3,1
909,de1f1619-467b-49e5-b7e8-b762bb7eb979,72,76682.84,North Amanda,3,46036.49,8,1
910,436adb9d-d1c5-4a00-8bb1-3407730ad7de,24,26792.53,Shawnhaven,3,8649.25,4,2
911,e207db20-2f7f-4cd7-bbd0-fe6c6108ffcc,74,124788.03,New Melissabury,2,13555.95,4,0
912,a885a7b4-1037-4a5c-b893-b08a52190216,54,91963.68,Leefort,2,36979.03,5,3
913,9cf023dd-2775-49a2-8d2c-fe83c4072654,29,107889.75,Marcusmouth,5,41156.25,1,2
914,a8ad1539-85f0-486a-98a4-40bd1c4760a5,20,151542.09,North Maryberg,5,19695.76,0,2
915,33bb7382-0801-4e83-9f9d-39102dbb45bd,40,178362.65,South Jameston,4,21409.56,1,1
916,637b3648-d617-49c0-a449-d64f922ddab6,65,137500.25,Foxshire,5,46504.01,10,3
917,388149dc-5dc9-4097-8c90-e0284185300d,21,74861.01,North Sarahborough,1,16646.51,9,1
918,e3c7ca9a-edab-4dab-bdcc-c026a7df30b2,38,110432.29,South Laurieton,2,8506.68,10,3
919,f030bfd4-be54-498e-8eda-64335c65a65c,80,100210.92,Shortton,5,29187.49,1,1
920,876de8c5-440c-4e5b-9def-57b4d2da43ec,45,72160.95,Lake Chadport,4,8252.61,5,0
921,f5e90352-3745-49f2-b1d1-88b913f39289,48,122859.31,North Jessicaside,1,27859.47,4,0
922,86b4852c-3170-46b9-b080-7a5d62a50eec,43,110328.16,New Colleen,2,38339.61,7,1
923,8ee25e54-bfcb-4388-8ef4-d74b2dcc4095,49,91157.38,Reeseshire,5,10608.87,9,1
924,b3da5808-756e-467d-acab-8b695ba37cb5,33,32895.92,Andradeburgh,4,16847.17,9,0
925,66cc7376-8cca-4963-ae2e-77a4cadec379,25,140914.56,Dianeside,4,18898.11,3,2
926,eefb2a24-7169-4ed5-9994-13ccff9957a8,40,126897.89,Rachelside,1,38714.38,2,2
927,d8485a54-531c-4812-bf31-950afdd084a1,57,167885.13,Robertchester,4,31535.93,7,0
928,9bc0fa93-52cd-4def-b9d2-76f4d37ee471,77,167270.95,New Amy,2,34582.6,2,0
929,ed17f6e9-8cdc-418d-8405-742060042231,25,153124.69,Michaelmouth,2,47498.1,2,2
930,000cd21a-65a7-4a30-b5b7-0dd9728f5897,18,81788.85,West Caitlinhaven,1,15950.78,7,0
931,4d457ea5-e3ec-4f6a-be50-3fdc2294fa0a,39,57621.72,West Traceyborough,5,11381.89,8,2
932,c5828939-058e-489e-909d-97cddb107e7f,53,106944.74,Samanthahaven,2,35058.49,10,0
933,9255273f-ed09-40f7-9217-4fb08e6b3085,42,124940.89,North Benjamin,5,3130.62,2,0
934,43d643ed-236e-4832-a7f6-a2ac5b0c4170,36,56125.29,Pamelabury,5,14292.79,7,0
935,4ce09ecb-cfa2-4fb8-8199-322e3ba58126,22,89956.13,New Ricardoborough,3,33486.1,10,2
936,531f04af-b93c-42d5-93c3-7b5dbbf8da91,73,39420.46,Thompsonshire,3,43503.11,10,3
937,98611260-1869-4755-a85c-1ec9d1cbc092,32,196362.71,Benjaminshire,5,48853.99,1,2
938,0e50f355-c7b6-41cd-9417-182a61ad018a,49,176019.09,Michaelchester,5,5313.01,3,3
939,1edbbe71-de2a-4ddf-ae24-9b726aa12abd,53,186743.0,Lake Denise,1,2947.87,8,2
940,a2466cd7-02ed-4d15-adbc-36d89a307096,39,108187.91,Brownhaven,2,1900.24,10,2
941,909e21ba-8a38-45aa-91be-ba8e0a8aeb94,40,132541.57,West Wayne,2,49803.73,8,2
942,ac735be0-0cee-4dc2-a737-f345388629ff,69,31161.75,Maddoxshire,3,44055.19,0,2
943,6e935615-38da-4a90-970f-ad328135f15a,32,47307.47,Kristieberg,4,33189.66,1,3
944,79d19c4e-1521-4d35-960f-1e2d21d72432,51,192909.02,New Raymondland,5,43762.37,10,1
945,c6196773-6f3a-4f33-8077-7ac56605de3c,44,63264.95,Port Dennis,2,21896.78,4,2
946,65339cf0-7ce4-470e-b2b7-3d808f2e08d3,46,117602.08,New Christina,2,32971.16,9,1
947,3e085cb7-3f09-47a6-8635-1a54bc54b8c1,73,44859.74,West Kimberlymouth,5,45568.57,6,1
948,16efacdf-9375-4e61-ac94-503eaf4afcdd,59,187945.39,Lake Robertstad,2,16557.31,8,0
949,5832c8de-521b-48c2-b0c3-ef8a592ab43d,29,77167.57,Port Kevinstad,2,36626.9,5,3
950,cd840a47-fd7b-4279-9253-55159dc0a8b5,79,94025.32,Hansonmouth,4,37534.88,10,2
951,3bc5f97f-d173-470b-ac99-3c800b7d1856,27,160239.42,Lake Nathaniel,1,7445.75,0,2
952,15f7ef61-da4e-404c-ba7e-1b86c1fad753,56,122067.76,Lake Brianberg,2,30221.67,3,0
953,49a5baeb-d1f4-4c8d-951b-1974de668dd0,40,34305.58,West Heatherville,4,7570.24,9,3
954,05d2d205-789f-4d96-b337-3c2f4e1c3762,63,136922.34,Jasonside,2,42754.34,7,3
955,85f4c0a2-8be2-4516-b42c-5348363d75f1,26,49481.55,Anaberg,2,2579.25,0,2
956,04b51c12-ab13-4032-b2e1-9f66b1f02ea8,78,94347.92,Aguilarhaven,2,38131.05,1,1
957,0f635f4a-2b9a-418e-8165-964c0b21a308,77,191845.83,Jamesview,4,43489.32,7,2
958,f1f71605-a79e-4626-b707-ac0e0d96feb3,73,102358.09,North Paulview,2,21950.23,0,3
959,a8fc5690-e9b1-44a1-9a22-1b85a9b92a1d,64,76321.55,Michelletown,5,47017.82,9,0
960,a63fcf12-e226-4768-9e0e-9c534ae0fd7a,51,39676.93,Hallfurt,4,41523.49,0,1
961,197fa0fd-b5ae-4a56-ba03-3d6c822fb2f0,51,116816.45,Toddside,1,28327.35,8,0
962,802aa6eb-32e9-4c2d-afb9-0ccf168885c2,30,72412.29,Castrotown,4,44335.48,4,3
963,8787c3f4-ec19-44eb-bf55-17400a2d36a6,28,96043.19,Matthewfurt,5,46032.61,8,1
964,58c69158-04b4-4ac9-a831-7f0dbe9063fb,47,169380.83,Michaelport,4,5431.6,8,0
965,fa84bb5f-fa6e-4743-bef9-7d573c77ea4a,29,160171.61,Lisaview,5,7630.03,6,2
966,fffcd743-e3f1-4406-a31d-9c8be0f0fe79,46,24484.18,New Stacybury,4,29925.46,3,3
967,6491982b-e5ad-481d-977f-4c1626d658fb,23,65014.81,North Jessica,2,36200.36,1,0
968,9cc96aed-ad91-42c5-b5ea-4128854dc3bf,25,147120.81,South John,3,5180.02,6,1
969,4ff85111-f875-4fd4-ad2c-cf42271a919f,42,119062.26,Shaneberg,1,38644.76,5,1
970,94be6d9f-2379-405f-a708-728034ee0b67,28,176387.34,Port Devin,2,38688.68,0,3
971,86181db2-e60d-4a94-b483-d162b043a39a,37,75713.29,South Wendy,4,15150.25,2,0
972,a7fecdcd-2528-4516-8521-ff2ef9cc83ed,75,43682.79,West Carlos,2,1173.11,4,0
973,1e4ea133-b82d-40de-b2d7-8d5388702ae7,47,109572.97,West Mary,4,27631.56,0,3
974,c3f38c8c-078c-4875-ba21-e2692540fbfe,33,59037.29,Nicolechester,4,23233.19,7,0
975,7168bdec-4da8-48b7-a947-cbacf610f40d,56,128018.38,Edwinborough,2,44226.23,4,1
976,06b4ed27-2f4b-4be8-a1ac-fdb51b555f6d,21,53271.2,Catherinebury,1,33010.57,0,1
977,aff7ff5d-3b1d-42cf-bb70-509298ab182c,72,25837.78,West Christopherfort,5,42062.71,4,2
978,9ace63cc-d89c-43f6-8098-580d22538040,76,35786.48,Josephstad,1,21430.89,2,1
979,7dcf60fd-6330-48ed-9a25-27952f191516,61,71188.5,Taylorborough,5,29041.85,8,1
980,c3b8d179-6899-4c84-8840-323439ed0800,79,101960.81,West Stephaniebury,5,18649.24,0,0
981,33ece6b1-fcfd-4547-abdc-e0dabe0bbddd,67,73873.01,North Gregory,3,44978.96,1,3
982,ddfc2a92-7074-4eb3-bc52-17ccf4672866,71,119084.79,Wattsmouth,3,24070.03,1,2
983,67a55936-6d74-4a0b-bf2d-39c8e338e579,39,114869.49,New Jillfurt,5,11282.42,3,0
984,9c8b9550-64e7-4f9a-901a-0ccfb85f164b,24,122846.07,New Danielmouth,5,49372.27,7,2
985,e0b62f90-0adb-44ff-a0b5-5615d3b6ef1b,45,129592.03,New Amanda,3,13723.34,9,2
986,8ec57d47-0a0c-44e5-bc34-1b4ffbdc532e,77,43348.36,Blackton,5,25323.45,10,3
987,65e5f13f-7086-4a45-8a8a-bb17309a083a,49,165436.46,Kimport,5,12403.36,4,1
988,4b5f174b-6c26-4b56-aa9e-dda7761ad914,18,41277.28,Lake Zacharyberg,4,31647.58,1,1
989,73a27c7b-a566-4884-9473-e68776ad1c33,69,130755.44,Lake Vincentburgh,4,21288.02,5,2
990,e4f2ae4c-f016-416b-95df-e6cbc75aec94,53,165087.83,South Robert,2,1553.57,3,2
991,74246baa-2dca-4c82-8660-a3e9736d417c,34,162235.19,South Christopher,3,15713.92,8,2
992,e83bcc84-a609-4ad0-b114-64aa52f69081,67,21103.63,Lake Jessica,3,17726.72,9,0
993,730bc657-b4cb-4613-9d39-e9c217584f23,71,51613.24,Christopherfurt,3,41857.44,10,3
994,82fc9294-f9a6-4522-8a83-5709ba146757,76,105410.08,South Andrea,1,32636.96,7,1
995,e98965f2-2bbf-4e35-84ac-b57d0b3d6dc9,58,102911.23,Arianaberg,5,44900.5,7,3
996,2dca365a-2504-4d28-9e6a-e4592980f6ff,77,153665.24,South Kylemouth,5,15667.84,10,2
997,1e18046d-2e42-4840-a05f-36c849ed856e,53,116459.39,East Adam,2,29292.48,5,2
998,75699aef-0320-4c4e-80cb-e188c3f0fac3,22,194530.39,Foleyside,3,42196.22,5,3
999,e1f8d192-9ba4-45a6-8178-de26ceb557ac,58,116169.17,Youngshire,2,28978.1,6,1
